,MAE,RMSE,PEARSONR,SPEARMANRHO,KENDALLTAU
value,0.7389532905463034,1.0021420785292616,0.15893002367336706,0.23805860524047937,0.22417941532712196
95CI_LOW,0.3569200130928547,0.6506898559144128,,,
95CI_HIGH,1.088918860347392,1.4480437979029404,,,
