,MAE,RMSE,PEARSONR,SPEARMANRHO,KENDALLTAU
value,0.8547654445300724,1.0169361081319186,0.18914753808190937,0.15829059829059827,0.08923076923076924
95CI_LOW,0.6385218042576906,0.8194925866836513,-0.18065699822007808,-0.22539977076955942,-0.20615384615384605
95CI_HIGH,1.0610265000098273,1.234330072566853,0.6371753416907487,0.6088125385754809,0.39925790381235915
