,MAE,RMSE,PEARSONR,SPEARMANRHO,KENDALLTAU
value,1.775742112406814,2.127894319733838,-0.021583812130359474,-0.008952592544857743,-0.0019890663170976804
95CI_LOW,1.4869059612158808,1.8301093623090514,-0.2481086499644899,-0.2554215597164198,-0.169772025062474
95CI_HIGH,2.0551783803154384,2.442341486801653,0.20046580621666793,0.23642156039670384,0.16420577070296266
