,MAE,RMSE,PEARSONR,SPEARMANRHO,KENDALLTAU
value,2.0381752971704925,2.4095807789329475,0.06051308182283294,0.1388265087591749,0.0958793382837369
95CI_LOW,1.8949151734931258,2.2819999551532844,-0.047259616159015916,0.029559718922303274,0.019784739355957648
95CI_HIGH,2.1803794449659644,2.5382415297031975,0.16497462618705075,0.2538737515002578,0.17040209874149492
