,MAE,RMSE,PEARSONR,SPEARMANRHO,KENDALLTAU
value,1.775742112406814,2.127894319733838,-0.021583812130359474,-0.008952592544857743,-0.0019890663170976804
95CI_LOW,1.4767061498810659,1.8348315243497924,-0.2512789727958499,-0.2605092593430373,-0.16812217641246288
95CI_HIGH,2.0601329317484494,2.445340897350044,0.1986242548519183,0.2345084241523405,0.1654657375212392
