,MAE,RMSE,PEARSONR,SPEARMANRHO,KENDALLTAU
value,0.8547654445300724,1.0169361081319186,0.18914753808190937,0.15829059829059827,0.08923076923076924
95CI_LOW,0.6376846085121164,0.8174776406506918,-0.17494514811196904,-0.22220112874565479,-0.2086352357320099
95CI_HIGH,1.0644523329048714,1.2345999412801048,0.6343231883760264,0.6123324459997249,0.4063320256608546
