,MAE,RMSE,PEARSONR,SPEARMANRHO,KENDALLTAU
value,1.8088988941269328,2.1299753066764984,-0.29325715030448396,-0.09090909090909091,-0.1272727272727273
95CI_LOW,1.1171491964755775,1.5091047767443442,-0.8839349236567675,-0.7003541706371892,-0.5878787878787879
95CI_HIGH,2.444163581267013,2.851322235789903,0.2443155678109985,0.6062465658834597,0.4274955436720133
