,MAE,RMSE,PEARSONR,SPEARMANRHO,KENDALLTAU
value,1.775742112406814,2.127894319733838,-0.021583812130359474,-0.008952592544857743,-0.0019890663170976804
95CI_LOW,1.4798211364647278,1.8288391627903615,-0.246293494519921,-0.26197006010151636,-0.17394267332597318
95CI_HIGH,2.0560391864723506,2.439613620160303,0.20254867035615592,0.22752958615678778,0.16593034886768745
