,MAE,RMSE,PEARSONR,SPEARMANRHO,KENDALLTAU
value,0.7389532905463034,1.0021420785292616,0.15893002367336706,0.23805860524047937,0.22417941532712196
95CI_LOW,0.35412806838721145,0.6487318130777529,,,
95CI_HIGH,1.0837079956512907,1.4596862083782807,,,
