,MAE,RMSE,PEARSONR,SPEARMANRHO,KENDALLTAU
value,1.8088988941269328,2.1299753066764984,-0.29325715030448396,-0.09090909090909091,-0.1272727272727273
95CI_LOW,1.1352789489034647,1.4910506513416428,-0.8951428073978607,-0.6958368734069669,-0.6014842300556587
95CI_HIGH,2.4367141963007146,2.8514356435189616,0.25079867899187935,0.6126108129390553,0.42545454545454536
