,MAE,RMSE,PEARSONR,SPEARMANRHO,KENDALLTAU
value,2.0380386512077595,2.4095167795268773,0.06077999635062295,0.1388265087591749,0.0958793382837369
95CI_LOW,1.8978583427818227,2.2789497376986025,-0.04628475424543846,0.026771735188624357,0.021045447494369568
95CI_HIGH,2.178740160766897,2.5403736308382188,0.16508444460621896,0.24734174820844898,0.17095189021342755
