,MAE,RMSE,PEARSONR,SPEARMANRHO,KENDALLTAU
value,2.0381752971704925,2.4095807789329475,0.06051308182283294,0.1388265087591749,0.0958793382837369
95CI_LOW,1.8968929737534261,2.2819979935177406,-0.047672700024452425,0.02891174471446617,0.02123428815222303
95CI_HIGH,2.178618857391861,2.542134169171624,0.16581983887045454,0.2512040613410537,0.17228510433799576
