,MAE,RMSE,PEARSONR,SPEARMANRHO,KENDALLTAU
value,0.8547654445300724,1.0169361081319186,0.18914753808190937,0.15829059829059827,0.08923076923076924
95CI_LOW,0.6363983666750723,0.814267931622467,-0.18171164227059433,-0.22353699737817012,-0.21256410256410244
95CI_HIGH,1.0574113949844481,1.2385157406741247,0.6381762314081849,0.6110297456533671,0.4028205128205128
