,MAE,RMSE,PEARSONR,SPEARMANRHO,KENDALLTAU
value,1.8088988941269328,2.1299753066764984,-0.29325715030448396,-0.09090909090909091,-0.1272727272727273
95CI_LOW,1.1309775550813121,1.5029162785128682,-0.8799805735402613,-0.7051826677994903,-0.5878787878787879
95CI_HIGH,2.4495507835780375,2.859670411662888,0.24950033992168796,0.6066433566433567,0.41892393320964744
