,MAE,RMSE,PEARSONR,SPEARMANRHO,KENDALLTAU
value,1.8088988941269328,2.1299753066764984,-0.29325715030448396,-0.09090909090909091,-0.1272727272727273
95CI_LOW,1.1310690802693593,1.496703554730312,-0.87160672091113,-0.691095247345247,-0.6014842300556587
95CI_HIGH,2.4587528420193845,2.861749321371381,0.2480710764886861,0.6052389840433317,0.41892393320964744
