,MAE,RMSE,PEARSONR,SPEARMANRHO,KENDALLTAU
value,1.8088988941269328,2.1299753066764984,-0.29325715030448396,-0.09090909090909091,-0.1272727272727273
95CI_LOW,1.1273809519231919,1.4966799417353025,-0.8793832953768282,-0.6958368734069669,-0.6014842300556587
95CI_HIGH,2.450729097104489,2.8494799196916074,0.24246346511259576,0.6032285471537808,0.41892393320964744
