,MAE,RMSE,PEARSONR,SPEARMANRHO,KENDALLTAU
value,1.775742112406814,2.127894319733838,-0.021583812130359474,-0.008952592544857743,-0.0019890663170976804
95CI_LOW,1.4886399471166323,1.8232803500277437,-0.24799054921932684,-0.26043909038457447,-0.17237881280698283
95CI_HIGH,2.0597139861060905,2.4358918686969,0.19916908547982198,0.23350024973091102,0.16375911827336723
