,MAE,RMSE,PEARSONR,SPEARMANRHO,KENDALLTAU
value,1.8088988941269328,2.1299753066764984,-0.29325715030448396,-0.09090909090909091,-0.1272727272727273
95CI_LOW,1.1311128082270216,1.5038628853218876,-0.8886530281649955,-0.6941044822512783,-0.6145454545454545
95CI_HIGH,2.437133561201792,2.855488934444811,0.2466009958767733,0.5938827527612573,0.42545454545454536
