,MAE,RMSE,PEARSONR,SPEARMANRHO,KENDALLTAU
value,1.563220927121659,1.8887572897299054,-0.00037285254154330837,0.04000768528754871,0.029472081688864428
95CI_LOW,1.2640964646832016,1.5651964593491385,-0.32102416249606763,-0.26137884638364406,-0.1876130752053043
95CI_HIGH,1.8438754569578657,2.2213048839178535,0.31445082130538166,0.35759550219265146,0.25553364371090237
