,MAE,RMSE,PEARSONR,SPEARMANRHO,KENDALLTAU
value,0.8547654445300724,1.0169361081319186,0.18914753808190937,0.15829059829059827,0.08923076923076924
95CI_LOW,0.6329801663215928,0.8170814346176134,-0.1775879195917034,-0.22416515696430628,-0.2046553446553446
95CI_HIGH,1.0631516692787109,1.2400776492977803,0.6439917745727464,0.6015759927874614,0.4052985991644139
