,MAE,RMSE,PEARSONR,SPEARMANRHO,KENDALLTAU
value,1.775742112406814,2.127894319733838,-0.021583812130359474,-0.008952592544857743,-0.0019890663170976804
95CI_LOW,1.4822309839514718,1.826165701817199,-0.251946721238239,-0.2578584894991664,-0.17081341704121364
95CI_HIGH,2.0631554132793717,2.4364503551856784,0.1992421149182636,0.2308028348500744,0.16207179409215744
