,MAE,RMSE,PEARSONR,SPEARMANRHO,KENDALLTAU
value,1.8088988941269328,2.1299753066764984,-0.29325715030448396,-0.09090909090909091,-0.1272727272727273
95CI_LOW,1.1221569686913417,1.4896926262082997,-0.8858594593098668,-0.6958368734069669,-0.6014842300556587
95CI_HIGH,2.446893546943178,2.8485091068956936,0.24462381632551444,0.5938827527612573,0.42545454545454536
