,MAE,RMSE,PEARSONR,SPEARMANRHO,KENDALLTAU
value,1.7697070040596308,2.125814828523575,-0.015394238636312035,0.00027475987349947036,0.004972665792744201
95CI_LOW,1.4779962281579122,1.8264070543499744,-0.24752858875260034,-0.24907258438641217,-0.16320156739344074
95CI_HIGH,2.0568314299012833,2.4264688232132845,0.20874606446371313,0.24511756669682883,0.1709174178927369
