,MAE,RMSE,PEARSONR,SPEARMANRHO,KENDALLTAU
value,0.7389532905463034,1.0021420785292616,0.15893002367336706,0.23805860524047937,0.22417941532712196
95CI_LOW,0.3579076732017472,0.637269104281329,,,
95CI_HIGH,1.081374271739809,1.4517815503896367,,,
