,MAE,RMSE,PEARSONR,SPEARMANRHO,KENDALLTAU
value,1.8088988941269328,2.1299753066764984,-0.29325715030448396,-0.09090909090909091,-0.1272727272727273
95CI_LOW,1.119587452515045,1.4880152072225679,-0.8770620244043179,-0.7007042485816066,-0.6014842300556587
95CI_HIGH,2.446290938532462,2.8681414719634084,0.24205659313737204,0.6071529898295305,0.41212121212121217
