,MAE,RMSE,PEARSONR,SPEARMANRHO,KENDALLTAU
value,2.014965472936044,2.394972914412372,0.046029298344744014,0.12666583286671165,0.08809272048540402
95CI_LOW,1.8734694589061638,2.2631728284536847,-0.06320799369055356,0.015112634236757738,0.011902578595404167
95CI_HIGH,2.157090220484217,2.531124633479034,0.15177505043860332,0.24182234167067918,0.16413360951860287
