,MAE,RMSE,PEARSONR,SPEARMANRHO,KENDALLTAU
value,2.014965472936044,2.394972914412372,0.046029298344744014,0.12666583286671165,0.08809272048540402
95CI_LOW,1.8702758166090776,2.2649043253753582,-0.06224495785587501,0.014137814093643702,0.012288044615432314
95CI_HIGH,2.159147044289833,2.5322545004060975,0.15260957663172922,0.23863262793229786,0.16669260128463906
