,MAE,RMSE,PEARSONR,SPEARMANRHO,KENDALLTAU
value,1.8088988941269328,2.1299753066764984,-0.29325715030448396,-0.09090909090909091,-0.1272727272727273
95CI_LOW,1.1277553705313164,1.4973471623374874,-0.8977760526319452,-0.7107478495682709,-0.6023715415019764
95CI_HIGH,2.4647292464270514,2.859931869478329,0.24063252912328403,0.6163070482149426,0.41892393320964744
