,MAE,RMSE,PEARSONR,SPEARMANRHO,KENDALLTAU
value,1.7697070040596308,2.125814828523575,-0.015394238636312035,0.00027475987349947036,0.004972665792744201
95CI_LOW,1.4793003692399247,1.8262269939371882,-0.2450138740407737,-0.25158144443907016,-0.16703994306063857
95CI_HIGH,2.0546737674445037,2.4362278503272083,0.2139412683664559,0.2455793575816743,0.17260273890615874
