,MAE,RMSE,PEARSONR,SPEARMANRHO,KENDALLTAU
value,0.8547654445300724,1.0169361081319186,0.18914753808190937,0.15829059829059827,0.08923076923076924
95CI_LOW,0.635603791885887,0.8214018011357687,-0.17964871421143946,-0.21925840028533583,-0.2017301548291964
95CI_HIGH,1.0641329833442277,1.2334816376414945,0.6265977577832468,0.6161852028887342,0.4067573583972298
