,MAE,RMSE,PEARSONR,SPEARMANRHO,KENDALLTAU
value,0.8547654445300724,1.0169361081319186,0.18914753808190937,0.15829059829059827,0.08923076923076924
95CI_LOW,0.6377087648472077,0.8142332605980622,-0.1804060217816993,-0.23318543303655392,-0.21010011799902603
95CI_HIGH,1.066240811440562,1.2385728270579683,0.6387656629021248,0.6222193030886154,0.4052985991644139
