,MAE,RMSE,PEARSONR,SPEARMANRHO,KENDALLTAU
value,0.8547654445300724,1.0169361081319186,0.18914753808190937,0.15829059829059827,0.08923076923076924
95CI_LOW,0.6378654948308815,0.8173212225402342,-0.17419822965680098,-0.220466329832962,-0.20325974810165223
95CI_HIGH,1.0654241682945562,1.2368199843797418,0.640436564963474,0.6106627912765668,0.4042891429036325
