,MAE,RMSE,PEARSONR,SPEARMANRHO,KENDALLTAU
value,1.8088988941269328,2.1299753066764984,-0.29325715030448396,-0.09090909090909091,-0.1272727272727273
95CI_LOW,1.1251207871582172,1.4876066884249446,-0.8794892283334477,-0.706090026478376,-0.6014842300556587
95CI_HIGH,2.435514882823745,2.8576042174410334,0.24369986563548252,0.6135306553911206,0.4317290552584669
