,MAE,RMSE,PEARSONR,SPEARMANRHO,KENDALLTAU
value,0.8547654445300724,1.0169361081319186,0.18914753808190943,0.15829059829059827,0.08923076923076924
95CI_LOW,0.6416120575039226,0.8178579876836589,-0.17884599324106198,-0.22731285226641218,-0.2062268743914302
95CI_HIGH,1.0586558331310085,1.2323080981662131,0.6399881167147381,0.6052554955573444,0.40975568043971944
