,MAE,RMSE,PEARSONR,SPEARMANRHO,KENDALLTAU
value,0.8547654445300724,1.0169361081319186,0.18914753808190937,0.15829059829059827,0.08923076923076924
95CI_LOW,0.6373651540532612,0.8126217204430957,-0.17148808984410113,-0.22922519127340102,-0.21259210853870994
95CI_HIGH,1.066376241823297,1.23131048615181,0.6502505793111419,0.6090456903414221,0.4107196029776675
