,MAE,RMSE,PEARSONR,SPEARMANRHO,KENDALLTAU
value,1.7697070040596308,2.125814828523575,-0.01539423863631205,0.00027475987349947036,0.004972665792744201
95CI_LOW,1.4690099554506268,1.8229542714595555,-0.24343052988801897,-0.24603875133643208,-0.15899522197923135
95CI_HIGH,2.055712999431858,2.441099492723313,0.20956007612109664,0.24480130128267966,0.16944443780981214
