,MAE,RMSE,PEARSONR,SPEARMANRHO,KENDALLTAU
value,2.014965472936044,2.394972914412372,0.046029298344744014,0.12666583286671165,0.08809272048540402
95CI_LOW,1.8680600062748294,2.2591832315228544,-0.06698180563265992,0.015579601823371009,0.011657779417529934
95CI_HIGH,2.1608287793546834,2.531623410114644,0.1493824319715014,0.23898700056345593,0.1666620412529347
