,MAE,RMSE,PEARSONR,SPEARMANRHO,KENDALLTAU
value,0.8547654445300724,1.0169361081319186,0.18914753808190937,0.15829059829059827,0.08923076923076924
95CI_LOW,0.6416943547320462,0.8181682820910943,-0.17995593526603848,-0.22923482512883064,-0.20811993118702385
95CI_HIGH,1.061607425700538,1.2343805940375299,0.6277766672369842,0.599321362141837,0.4077846065051556
