,MAE,RMSE,PEARSONR,SPEARMANRHO,KENDALLTAU
value,2.014965472936044,2.394972914412372,0.046029298344744014,0.12666583286671165,0.08809272048540402
95CI_LOW,1.8720772779012242,2.261508428685157,-0.06579197228395502,0.012251300340737625,0.010240183083353699
95CI_HIGH,2.1571350206090756,2.533010149203704,0.1522194261056563,0.23928767370562734,0.164879579555935
