,MAE,RMSE,PEARSONR,SPEARMANRHO,KENDALLTAU
value,1.7697070040596308,2.125814828523575,-0.015394238636312035,0.00027475987349947036,0.004972665792744201
95CI_LOW,1.4758675389828584,1.82505962299967,-0.24187295954363608,-0.2519344546603347,-0.162996674113468
95CI_HIGH,2.0527828692474417,2.4393779590142546,0.20814860213121975,0.24620704676833058,0.17091955306066517
