,MAE,RMSE,PEARSONR,SPEARMANRHO,KENDALLTAU
value,0.7389532905463034,1.0021420785292616,0.15893002367336706,0.23805860524047937,0.22417941532712196
95CI_LOW,0.3617233185875788,0.6414222440350243,,,
95CI_HIGH,1.0843102948919139,1.449302941828945,,,
