,MAE,RMSE,PEARSONR,SPEARMANRHO,KENDALLTAU
value,2.014965472936044,2.394972914412372,0.046029298344744014,0.12666583286671165,0.08809272048540402
95CI_LOW,1.8700658624697892,2.2633044502055126,-0.06638595242612698,0.014840986416547075,0.008928624356614845
95CI_HIGH,2.1585435242086843,2.5307102884387507,0.15425172996457787,0.24366935816588448,0.1646278506951474
