,MAE,RMSE,PEARSONR,SPEARMANRHO,KENDALLTAU
value,1.775742112406814,2.127894319733838,-0.021583812130359474,-0.008952592544857743,-0.0019890663170976804
95CI_LOW,1.4902081911296388,1.8328733295935553,-0.25660380064688,-0.25821222277119776,-0.17341934627642305
95CI_HIGH,2.0608398881765337,2.4406971803005595,0.20250895571824395,0.23840055569480265,0.16388530283040273
