,MAE,RMSE,PEARSONR,SPEARMANRHO,KENDALLTAU
value,0.7389532905463034,1.0021420785292616,0.15893002367336706,0.23805860524047937,0.22417941532712196
95CI_LOW,0.349059800648474,0.6500773534174153,,,
95CI_HIGH,1.0734567748546968,1.451661185785174,,,
