,MAE,RMSE,PEARSONR,SPEARMANRHO,KENDALLTAU
value,1.7697070040596308,2.125814828523575,-0.015394238636312035,0.00027475987349947036,0.004972665792744201
95CI_LOW,1.4737087311646353,1.816896027814987,-0.24316731642404327,-0.24612763351934375,-0.16390333772129215
95CI_HIGH,2.0547239293176336,2.443158457977578,0.20917893588403935,0.24536444484040365,0.17463896838635778
