,MAE,RMSE,PEARSONR,SPEARMANRHO,KENDALLTAU
value,0.7389532905463034,1.0021420785292616,0.15893002367336706,0.23805860524047937,0.22417941532712196
95CI_LOW,0.351429006438684,0.6456216009170364,,,
95CI_HIGH,1.0733009771986795,1.4601959716634971,,,
