,MAE,RMSE,PEARSONR,SPEARMANRHO,KENDALLTAU
value,0.8547654445300724,1.0169361081319186,0.18914753808190937,0.15829059829059827,0.08923076923076924
95CI_LOW,0.6369939439035124,0.8189960595120931,-0.1798432761922668,-0.22781755517992475,-0.20370406663400295
95CI_HIGH,1.0584153781395043,1.2349271973872493,0.6356890248889644,0.6143116588323284,0.41961909473163495
