,MAE,RMSE,PEARSONR,SPEARMANRHO,KENDALLTAU
value,0.8547654445300724,1.0169361081319186,0.18914753808190937,0.15829059829059827,0.08923076923076924
95CI_LOW,0.6389931019208277,0.8184972059175613,-0.19091721872519107,-0.23285216121322083,-0.2037276191766532
95CI_HIGH,1.0672102681496378,1.2341083353749687,0.6280012154951128,0.5980853828072787,0.4032172387872714
