,MAE,RMSE,PEARSONR,SPEARMANRHO,KENDALLTAU
value,2.343075181052499,2.7983328882783156,0.08284298456763413,0.4928053803045812,0.41403933560541256
95CI_LOW,1.0388393900407915,1.4900442231657571,,,
95CI_HIGH,3.3956866961613046,4.176389705177598,,,
