,MAE,RMSE,PEARSONR,SPEARMANRHO,KENDALLTAU
value,2.014965472936044,2.394972914412372,0.046029298344744014,0.12666583286671165,0.08809272048540402
95CI_LOW,1.873774890291584,2.2617394147600285,-0.0646233073614997,0.013132111752667097,0.010916726568580642
95CI_HIGH,2.16055633855877,2.534031914168045,0.1547656353978022,0.2414499840821791,0.16419899592598836
