,MAE,RMSE,PEARSONR,SPEARMANRHO,KENDALLTAU
value,0.8547654445300724,1.0169361081319186,0.18914753808190937,0.15829059829059827,0.08923076923076924
95CI_LOW,0.6413739683449275,0.8147032960581457,-0.17507717863467553,-0.22896713752471531,-0.20128529698149952
95CI_HIGH,1.0640117442476684,1.2371843022425386,0.6319186431218122,0.59768354262329,0.4042984222107775
