,MAE,RMSE,PEARSONR,SPEARMANRHO,KENDALLTAU
value,2.014965472936044,2.394972914412372,0.046029298344744014,0.12666583286671165,0.08809272048540402
95CI_LOW,1.8719101166939311,2.2587585413535387,-0.06762384393478608,0.01532883627467635,0.01069203779449146
95CI_HIGH,2.159870877248141,2.532927925497711,0.15463632151946938,0.23780381417504928,0.16640389964711327
