,MAE,RMSE,PEARSONR,SPEARMANRHO,KENDALLTAU
value,1.8088988941269328,2.1299753066764984,-0.293257150304484,-0.09090909090909091,-0.1272727272727273
95CI_LOW,1.1302560410676832,1.50000010536544,-0.871921308361727,-0.7056508216702388,-0.6014842300556587
95CI_HIGH,2.4340590402078286,2.8574628152070445,0.2505101589071511,0.5971430954002419,0.41892393320964744
