,MAE,RMSE,PEARSONR,SPEARMANRHO,KENDALLTAU
value,1.7697070040596308,2.125814828523575,-0.01539423863631205,0.00027475987349947036,0.004972665792744201
95CI_LOW,1.4739102492347258,1.8292819733020251,-0.250124329409815,-0.2508208210920732,-0.16381675033583032
95CI_HIGH,2.0448913233677515,2.442501977819049,0.20990936619982167,0.24372063658389023,0.1707912747195608
