,MAE,RMSE,PEARSONR,SPEARMANRHO,KENDALLTAU
value,0.7389532905463034,1.0021420785292616,0.15893002367336706,0.23805860524047937,0.22417941532712196
95CI_LOW,0.3530715743671644,0.6542245281490398,,,
95CI_HIGH,1.0782716165034494,1.450497560475382,,,
