,MAE,RMSE,PEARSONR,SPEARMANRHO,KENDALLTAU
value,1.8088988941269328,2.1299753066764984,-0.29325715030448396,-0.09090909090909091,-0.1272727272727273
95CI_LOW,1.1268289728340286,1.4912430082122268,-0.8852656655919187,-0.6940133037694014,-0.6145454545454545
95CI_HIGH,2.4413410970005254,2.8455073973355827,0.24800582813587002,0.6116573128946434,0.41892393320964744
