,MAE,RMSE,PEARSONR,SPEARMANRHO,KENDALLTAU
value,0.7389532905463034,1.0021420785292616,0.15893002367336706,0.23805860524047937,0.22417941532712196
95CI_LOW,0.35376080013348554,0.6473130946676167,,,
95CI_HIGH,1.0785181167246622,1.4511595258030248,,,
