,MAE,RMSE,PEARSONR,SPEARMANRHO,KENDALLTAU
value,0.8547654445300724,1.0169361081319186,0.18914753808190937,0.15829059829059827,0.08923076923076924
95CI_LOW,0.6370807806259684,0.8170020327250429,-0.17231418615709215,-0.22017169053049768,-0.20422361255843877
95CI_HIGH,1.061629185427013,1.227220998672747,0.6359714719870082,0.608784433414622,0.4038583638583639
