,MAE,RMSE,PEARSONR,SPEARMANRHO,KENDALLTAU
value,0.7389532905463034,1.0021420785292616,0.15893002367336706,0.23805860524047937,0.22417941532712196
95CI_LOW,0.34466990970433753,0.6454884414996074,,,
95CI_HIGH,1.0799038696193728,1.4529679079114621,,,
