,MAE,RMSE,PEARSONR,SPEARMANRHO,KENDALLTAU
value,1.8088988941269328,2.1299753066764984,-0.29325715030448396,-0.09090909090909091,-0.1272727272727273
95CI_LOW,1.1268255068841446,1.4951265672276213,-0.8724963273175929,-0.696117765729416,-0.600738547167118
95CI_HIGH,2.4442495247338245,2.8483851673868514,0.250549714698567,0.6032285471537808,0.41892393320964744
