,MAE,RMSE,PEARSONR,SPEARMANRHO,KENDALLTAU
value,0.8547654445300724,1.0169361081319186,0.18914753808190943,0.15829059829059827,0.08923076923076924
95CI_LOW,0.6406336060429922,0.815803268830364,-0.18477190531049592,-0.22836638055190983,-0.20615384615384605
95CI_HIGH,1.064364210452794,1.2391808636575061,0.6339626582299982,0.6050231912617525,0.4067573583972298
