,MAE,RMSE,PEARSONR,SPEARMANRHO,KENDALLTAU
value,2.0381752971704925,2.4095807789329475,0.06051308182283294,0.1388265087591749,0.0958793382837369
95CI_LOW,1.8971200015106864,2.281761443422521,-0.04646592359059584,0.029998287427120268,0.022326583110159892
95CI_HIGH,2.176738287703334,2.539144163260528,0.16579046796794894,0.2493168766301458,0.17282366250237907
