,MAE,RMSE,PEARSONR,SPEARMANRHO,KENDALLTAU
value,0.8255023176944225,1.1045475654378525,0.2554112988477144,0.30754829033049175,0.2635231383473649
95CI_LOW,0.4528226724061044,0.7529969676711474,,,
95CI_HIGH,1.1607239171960662,1.5356284222800862,,,
