,MAE,RMSE,PEARSONR,SPEARMANRHO,KENDALLTAU
value,0.8255023176944225,1.1045475654378525,0.2554112988477144,0.30754829033049175,0.2635231383473649
95CI_LOW,0.4387936653847908,0.7465109628058499,,,
95CI_HIGH,1.1692400737305089,1.53751191020257,,,
