,MAE,RMSE,PEARSONR,SPEARMANRHO,KENDALLTAU
value,1.8088988941269328,2.1299753066764984,-0.29325715030448396,-0.09090909090909091,-0.1272727272727273
95CI_LOW,1.1169145270985075,1.492479016309204,-0.8803427976986727,-0.7051826677994903,-0.6145454545454545
95CI_HIGH,2.4572012103950303,2.8523097283494994,0.24935809232595574,0.5949260042283298,0.42545454545454536
