,MAE,RMSE,PEARSONR,SPEARMANRHO,KENDALLTAU
value,2.0381752971704925,2.4095807789329475,0.06051308182283294,0.1388265087591749,0.0958793382837369
95CI_LOW,1.8963674754468713,2.280414829704391,-0.05008558827114265,0.029045901459923473,0.019513006906843655
95CI_HIGH,2.17650464260773,2.5410009885642855,0.16386756317159915,0.24966693443762722,0.17101541485242386
