,MAE,RMSE,PEARSONR,SPEARMANRHO,KENDALLTAU
value,1.7697070040596308,2.125814828523575,-0.01539423863631205,0.00027475987349947036,0.004972665792744201
95CI_LOW,1.4669005269274145,1.8303652980062943,-0.23818482358756426,-0.251643221501393,-0.16198537042554934
95CI_HIGH,2.0568542361091118,2.43430247957434,0.20996388843857267,0.24494877084917005,0.17173715307072177
