,MAE,RMSE,PEARSONR,SPEARMANRHO,KENDALLTAU
value,2.014965472936044,2.394972914412372,0.046029298344744014,0.12666583286671165,0.08809272048540402
95CI_LOW,1.8691562743810217,2.2603293844430508,-0.06511433414190433,0.01375625888450549,0.009971220922236956
95CI_HIGH,2.1578458012115265,2.532353987234808,0.15260186062712475,0.24234965607839612,0.1659943197554439
