,MAE,RMSE,PEARSONR,SPEARMANRHO,KENDALLTAU
value,0.7389532905463034,1.0021420785292616,0.15893002367336706,0.23805860524047937,0.22417941532712196
95CI_LOW,0.34288665571764865,0.6459711056542297,,,
95CI_HIGH,1.0806574228473314,1.449893507980518,,,
