,MAE,RMSE,PEARSONR,SPEARMANRHO,KENDALLTAU
value,1.7697070040596308,2.125814828523575,-0.015394238636312035,0.00027475987349947036,0.004972665792744201
95CI_LOW,1.4755959903256017,1.8290875720922823,-0.2450826481743518,-0.24736057881073584,-0.16098661702419895
95CI_HIGH,2.0572718543738553,2.4477660530604455,0.20962486092334484,0.24940738145575783,0.16938151686150604
