,MAE,RMSE,PEARSONR,SPEARMANRHO,KENDALLTAU
value,0.7389532905463034,1.0021420785292616,0.15893002367336706,0.23805860524047937,0.22417941532712196
95CI_LOW,0.3499812828259168,0.651338172113223,,,
95CI_HIGH,1.0760765035617574,1.4550878234051652,,,
