,MAE,RMSE,PEARSONR,SPEARMANRHO,KENDALLTAU
value,1.7697070040596308,2.125814828523575,-0.015394238636312035,0.00027475987349947036,0.004972665792744201
95CI_LOW,1.4740851633227825,1.8278704089226956,-0.2459094088181284,-0.24685724868768114,-0.15947163756148877
95CI_HIGH,2.047905876268009,2.4361865998866103,0.21257008156511548,0.24835995054117932,0.172702475901243
