,MAE,RMSE,PEARSONR,SPEARMANRHO,KENDALLTAU
value,0.7389532905463034,1.0021420785292616,0.15893002367336706,0.23805860524047937,0.22417941532712196
95CI_LOW,0.35057397923861333,0.6406866064373238,,,
95CI_HIGH,1.076894442248161,1.4506077421930574,,,
