,MAE,RMSE,PEARSONR,SPEARMANRHO,KENDALLTAU
value,1.8088988941269328,2.1299753066764984,-0.293257150304484,-0.09090909090909091,-0.1272727272727273
95CI_LOW,1.1307263795598184,1.4873669351758374,-0.8856066125667603,-0.7029449423815621,-0.6014842300556587
95CI_HIGH,2.449040852567518,2.8587858798455468,0.24333279507020322,0.6052609427609426,0.42545454545454536
