,MAE,RMSE,PEARSONR,SPEARMANRHO,KENDALLTAU
value,0.8547654445300724,1.0169361081319186,0.18914753808190937,0.15829059829059827,0.08923076923076924
95CI_LOW,0.6409804437606272,0.8150393598863754,-0.1770635693847744,-0.23023603456832653,-0.2100734933855953
95CI_HIGH,1.0624392424011098,1.2358833734042256,0.6339265664387923,0.6028787095137103,0.41470749315409505
