,MAE,RMSE,PEARSONR,SPEARMANRHO,KENDALLTAU
value,1.8088988941269328,2.1299753066764984,-0.29325715030448396,-0.09090909090909091,-0.1272727272727273
95CI_LOW,1.0998699474720879,1.4992663697394542,-0.8978322852111364,-0.7079097174089959,-0.6014842300556587
95CI_HIGH,2.44322386152107,2.8535752196723463,0.25494892740551856,0.6210447904076966,0.4053836234687283
