,MAE,RMSE,PEARSONR,SPEARMANRHO,KENDALLTAU
value,2.0381752971704925,2.4095807789329475,0.06051308182283294,0.1388265087591749,0.0958793382837369
95CI_LOW,1.8953871249820802,2.282549136550014,-0.048628137004416344,0.029415654374063793,0.021677232195419893
95CI_HIGH,2.1778036464324586,2.538314857227873,0.16469773528322412,0.24938764823367895,0.17039877229987574
