,MAE,RMSE,PEARSONR,SPEARMANRHO,KENDALLTAU
value,0.8255023176944225,1.1045475654378525,0.2554112988477144,0.30754829033049175,0.2635231383473649
95CI_LOW,0.4462445742522516,0.7381104169339456,,,
95CI_HIGH,1.1652999798794095,1.5343617421716496,,,
