,MAE,RMSE,PEARSONR,SPEARMANRHO,KENDALLTAU
value,1.7697070040596308,2.125814828523575,-0.015394238636312035,0.00027475987349947036,0.004972665792744201
95CI_LOW,1.4712245290187176,1.8218419428011963,-0.2469044422888908,-0.24678948446856916,-0.16539874054203224
95CI_HIGH,2.0492473145246004,2.4401745991434582,0.2101657385250458,0.24177694547686765,0.17342700617233694
