,MAE,RMSE,PEARSONR,SPEARMANRHO,KENDALLTAU
value,2.014965472936044,2.394972914412372,0.046029298344744014,0.12666583286671165,0.08809272048540402
95CI_LOW,1.8706006283875336,2.264037484381991,-0.06703163131908459,0.014694766052702396,0.008603664683578927
95CI_HIGH,2.1559860561080164,2.5320801329267666,0.1532924057955716,0.2436723147691321,0.16618815392381017
