,MAE,RMSE,PEARSONR,SPEARMANRHO,KENDALLTAU
value,0.8547654445300724,1.0169361081319186,0.18914753808190937,0.15829059829059827,0.08923076923076924
95CI_LOW,0.6436390023873486,0.8172431970001885,-0.1865854769422669,-0.2271689212255248,-0.20811993118702385
95CI_HIGH,1.066082959778544,1.23559824155652,0.6276358305894374,0.6025163718011655,0.40323773191668
