,MAE,RMSE,PEARSONR,SPEARMANRHO,KENDALLTAU
value,1.775742112406814,2.127894319733838,-0.021583812130359474,-0.008952592544857743,-0.0019890663170976804
95CI_LOW,1.4944176457078422,1.8286536802830042,-0.2527013755609412,-0.26299095904131814,-0.16950603752273963
95CI_HIGH,2.054668354298297,2.444067151726242,0.2004192632627847,0.23723975665962807,0.16943697496685206
