,MAE,RMSE,PEARSONR,SPEARMANRHO,KENDALLTAU
value,0.7389532905463034,1.0021420785292616,0.15893002367336706,0.23805860524047937,0.22417941532712196
95CI_LOW,0.35523111970143484,0.6405823723893671,,,
95CI_HIGH,1.0769520739557137,1.455368834297245,,,
