,MAE,RMSE,PEARSONR,SPEARMANRHO,KENDALLTAU
value,1.775742112406814,2.127894319733838,-0.021583812130359474,-0.008952592544857743,-0.0019890663170976804
95CI_LOW,1.487316857364195,1.8245489112293254,-0.24914097008457176,-0.2617147546961827,-0.17006427253909454
95CI_HIGH,2.0588710869941576,2.4353503166342487,0.20395668511589538,0.23277075569391845,0.16626212623620548
