,MAE,RMSE,PEARSONR,SPEARMANRHO,KENDALLTAU
value,1.775742112406814,2.127894319733838,-0.021583812130359474,-0.008952592544857743,-0.0019890663170976804
95CI_LOW,1.4822989010223129,1.8210839156843819,-0.24761110771806905,-0.2550352097003866,-0.1692199022992078
95CI_HIGH,2.0517409678999057,2.437649633534151,0.1993537684362363,0.23240710060409012,0.16674990680226737
