,MAE,RMSE,PEARSONR,SPEARMANRHO,KENDALLTAU
value,2.014965472936044,2.394972914412372,0.046029298344744014,0.12666583286671165,0.08809272048540402
95CI_LOW,1.8700113513422947,2.26089201423409,-0.06437365688990922,0.01356080105543947,0.011130074816022212
95CI_HIGH,2.157992896640982,2.531224747477909,0.15206528326824126,0.24124472762101304,0.1654269397694252
