,MAE,RMSE,PEARSONR,SPEARMANRHO,KENDALLTAU
value,0.8547654445300724,1.0169361081319186,0.18914753808190937,0.15829059829059827,0.08923076923076924
95CI_LOW,0.6361130722231505,0.8114987053926579,-0.17218108170938828,-0.23128637261673612,-0.2111488511488511
95CI_HIGH,1.0658869041388517,1.2358947678059184,0.6186423968913236,0.6118090862036156,0.4042679900744417
