,MAE,RMSE,PEARSONR,SPEARMANRHO,KENDALLTAU
value,2.0381752971704925,2.4095807789329475,0.06051308182283294,0.1388265087591749,0.0958793382837369
95CI_LOW,1.8978982869584917,2.2813504542227014,-0.04400312455102812,0.02849856262445835,0.021882815926075688
95CI_HIGH,2.1820634992604484,2.540665583853975,0.1659162318437803,0.25071106208652455,0.17159197637913498
