,MAE,RMSE,PEARSONR,SPEARMANRHO,KENDALLTAU
value,2.0380386512077595,2.4095167795268773,0.06077999635062295,0.1388265087591749,0.0958793382837369
95CI_LOW,1.8968990660114766,2.282351598448176,-0.046401396120744315,0.028365757451662837,0.020928996977003123
95CI_HIGH,2.1776503287050986,2.5406429042571017,0.16643108868446033,0.24823907455780556,0.17005923463849265
