,MAE,RMSE,PEARSONR,SPEARMANRHO,KENDALLTAU
value,2.343075181052499,2.7983328882783156,0.0828429845676341,0.4928053803045812,0.41403933560541256
95CI_LOW,0.9723308063069811,1.5070733194448351,,,
95CI_HIGH,3.397120494395036,4.175449029936548,,,
