,MAE,RMSE,PEARSONR,SPEARMANRHO,KENDALLTAU
value,0.8547654445300724,1.0169361081319186,0.18914753808190937,0.15829059829059827,0.08923076923076924
95CI_LOW,0.6347601422507152,0.8185705256062756,-0.17740782207556938,-0.2220126543863914,-0.2026459533951391
95CI_HIGH,1.0577356085819327,1.2312729934342759,0.625721231469008,0.6064921745789864,0.4122483212989541
