,MAE,RMSE,PEARSONR,SPEARMANRHO,KENDALLTAU
value,2.0381752971704925,2.4095807789329475,0.06051308182283294,0.1388265087591749,0.0958793382837369
95CI_LOW,1.896005512324562,2.2809819332372974,-0.048971138381780493,0.030876881301753062,0.020853521130694302
95CI_HIGH,2.1770409016615684,2.5394518976981204,0.16551294416458712,0.2494304207131438,0.1715035325723732
