,MAE,RMSE,PEARSONR,SPEARMANRHO,KENDALLTAU
value,1.775742112406814,2.127894319733838,-0.021583812130359474,-0.008952592544857743,-0.0019890663170976804
95CI_LOW,1.4756943599372394,1.8298067344403908,-0.24743807150011488,-0.2575595608215598,-0.16757527163166397
95CI_HIGH,2.0656490257259654,2.4464066285170167,0.20329578980981144,0.23601201370077948,0.1650883930092125
