,MAE,RMSE,PEARSONR,SPEARMANRHO,KENDALLTAU
value,1.8088988941269328,2.1299753066764984,-0.29325715030448396,-0.09090909090909091,-0.1272727272727273
95CI_LOW,1.1302255808816586,1.501254963651237,-0.877386801488932,-0.7025555090071218,-0.6023715415019764
95CI_HIGH,2.4447995584210354,2.857363530091977,0.24685509307156583,0.6062002513615417,0.41212121212121217
