,MAE,RMSE,PEARSONR,SPEARMANRHO,KENDALLTAU
value,0.7389532905463034,1.0021420785292616,0.15893002367336706,0.23805860524047937,0.22417941532712196
95CI_LOW,0.3442937614367725,0.6433201803081132,,,
95CI_HIGH,1.083259667598389,1.454959027922922,,,
