,MAE,RMSE,PEARSONR,SPEARMANRHO,KENDALLTAU
value,1.8088988941269328,2.1299753066764984,-0.29325715030448396,-0.09090909090909091,-0.1272727272727273
95CI_LOW,1.12648843557408,1.5152057129819392,-0.8807495475140236,-0.7003367003367003,-0.6023715415019764
95CI_HIGH,2.449933616982234,2.84675254621472,0.2511171538832071,0.6135306553911206,0.42545454545454536
