,MAE,RMSE,PEARSONR,SPEARMANRHO,KENDALLTAU
value,1.8088988941269328,2.1299753066764984,-0.29325715030448396,-0.09090909090909091,-0.1272727272727273
95CI_LOW,1.124392911679574,1.5153951702729302,-0.8739728015153212,-0.7061555040128071,-0.6014842300556587
95CI_HIGH,2.4583870948488897,2.834073897756684,0.23715349688688858,0.6052188552188551,0.41892393320964744
