,MAE,RMSE,PEARSONR,SPEARMANRHO,KENDALLTAU
value,1.8088988941269328,2.1299753066764984,-0.293257150304484,-0.09090909090909091,-0.1272727272727273
95CI_LOW,1.133231049222303,1.5082405765899671,-0.8743452820594806,-0.6915396516628896,-0.6023715415019764
95CI_HIGH,2.461611251349056,2.8578022982568774,0.24181832342372367,0.6022193768672641,0.41246134817563246
