,MAE,RMSE,PEARSONR,SPEARMANRHO,KENDALLTAU
value,0.7389532905463034,1.0021420785292616,0.15893002367336706,0.23805860524047937,0.22417941532712196
95CI_LOW,0.3532778803113299,0.6404300312875446,,,
95CI_HIGH,1.0842966517006394,1.4592194712246909,,,
