,MAE,RMSE,PEARSONR,SPEARMANRHO,KENDALLTAU
value,1.8088988941269328,2.1299753066764984,-0.29325715030448396,-0.09090909090909091,-0.1272727272727273
95CI_LOW,1.1084929507365273,1.490859184692527,-0.8684993033235966,-0.6935781726575265,-0.6023715415019764
95CI_HIGH,2.4479110804607425,2.853805085087923,0.24478093480632024,0.6162587412587412,0.41212121212121217
