,MAE,RMSE,PEARSONR,SPEARMANRHO,KENDALLTAU
value,1.8088988941269328,2.1299753066764984,-0.29325715030448396,-0.09090909090909091,-0.1272727272727273
95CI_LOW,1.1420213160904962,1.5056760603733168,-0.8935546363114079,-0.6961038961038961,-0.6014842300556587
95CI_HIGH,2.464209451678749,2.8390664820574543,0.23935594265827187,0.6116937842873944,0.41892393320964744
