,MAE,RMSE,PEARSONR,SPEARMANRHO,KENDALLTAU
value,0.7389532905463034,1.0021420785292616,0.15893002367336706,0.23805860524047937,0.22417941532712196
95CI_LOW,0.34547964054343705,0.6472572050706964,,,
95CI_HIGH,1.085639568528487,1.4508538501493877,,,
