,MAE,RMSE,PEARSONR,SPEARMANRHO,KENDALLTAU
value,2.0380386512077595,2.4095167795268773,0.06077999635062295,0.1388265087591749,0.0958793382837369
95CI_LOW,1.8994457662425628,2.280192761831354,-0.04848328924395376,0.031464847909525084,0.02255659116805711
95CI_HIGH,2.177623079289871,2.540247463481865,0.16508817119305289,0.24864274155542346,0.17084480482082653
