,MAE,RMSE,PEARSONR,SPEARMANRHO,KENDALLTAU
value,0.7389532905463034,1.0021420785292616,0.15893002367336706,0.23805860524047937,0.22417941532712196
95CI_LOW,0.3399265417842552,0.6452573258783783,,,
95CI_HIGH,1.0735919663507147,1.4494993139594432,,,
