,MAE,RMSE,PEARSONR,SPEARMANRHO,KENDALLTAU
value,0.8547654445300724,1.0169361081319186,0.18914753808190943,0.15829059829059827,0.08923076923076924
95CI_LOW,0.6440906011267724,0.8181202336678375,-0.17493628457964583,-0.22243552157462765,-0.2120421245421241
95CI_HIGH,1.06442363192848,1.2363080955856582,0.6364525648619261,0.6082843411308192,0.4097812820782242
