,MAE,RMSE,PEARSONR,SPEARMANRHO,KENDALLTAU
value,0.8547654445300724,1.0169361081319186,0.18914753808190937,0.15829059829059827,0.08923076923076924
95CI_LOW,0.6366159884958627,0.8169909004159672,-0.18283861222477726,-0.22860789700336126,-0.20566544566544556
95CI_HIGH,1.0589764522840222,1.235576182821234,0.6338993708352847,0.6086956385118146,0.4112704212981801
