,MAE,RMSE,PEARSONR,SPEARMANRHO,KENDALLTAU
value,0.7389532905463034,1.0021420785292616,0.15893002367336706,0.23805860524047937,0.22417941532712196
95CI_LOW,0.35255968078446753,0.6406651312287435,,,
95CI_HIGH,1.0778246140321213,1.4525287331965053,,,
