,MAE,RMSE,PEARSONR,SPEARMANRHO,KENDALLTAU
value,2.0381752971704925,2.4095807789329475,0.06051308182283294,0.1388265087591749,0.0958793382837369
95CI_LOW,1.8967516767904065,2.279735100854759,-0.049183866068319204,0.0286676479293812,0.020931778988478783
95CI_HIGH,2.1767332682081237,2.542659253870022,0.16454659511742956,0.24968600528171375,0.1707523559417086
