,MAE,RMSE,PEARSONR,SPEARMANRHO,KENDALLTAU
value,2.014965472936044,2.394972914412372,0.046029298344744014,0.12666583286671165,0.08809272048540402
95CI_LOW,1.8703860857800367,2.2613703644003733,-0.06639157776161582,0.013402367180494007,0.011192324781062163
95CI_HIGH,2.156529913461645,2.532933667720877,0.15144913662572848,0.24114941089245634,0.1662296429123613
