,MAE,RMSE,PEARSONR,SPEARMANRHO,KENDALLTAU
value,2.480785919423024,2.5459749728730303,0.44631547054478765,0.400468746895314,0.28447054635322244
95CI_LOW,2.308744441122007,2.3688938260486827,0.22628823180885071,0.14189336765915816,0.08480047266911461
95CI_HIGH,2.6407865164276934,2.7232281056078294,0.7130212492901574,0.7089164038095993,0.49677931223049604
