,MAE,RMSE,PEARSONR,SPEARMANRHO,KENDALLTAU
value,1.7166861622292817,2.1128228198076084,0.07623970243236931,0.1463963681156945,0.09882627817919934
95CI_LOW,1.617942935257115,2.012566991947181,-0.0002615233180958687,0.06924774791351809,0.04690230263042022
95CI_HIGH,1.810118406005052,2.2108450973177005,0.15232164434054898,0.22603129089379403,0.15184281677472133
