,MAE,RMSE,PEARSONR,SPEARMANRHO,KENDALLTAU
value,1.6942729543683406,2.091800645319113,0.08605030312297512,0.15888033913445967,0.10741214661461712
95CI_LOW,1.5961507709694287,1.9890889533154592,0.006926877283884442,0.08044257990653175,0.05342043321696488
95CI_HIGH,1.7894472915960222,2.1935134743691798,0.16294622996017324,0.23943116236700596,0.16279638835193977
