,MAE,RMSE,PEARSONR,SPEARMANRHO,KENDALLTAU
value,1.2247107388691523,1.5154315173984323,0.8257203980141241,0.7504234895539245,0.5844155844155845
95CI_LOW,0.841890034807552,1.1964935569414425,0.7048059979562398,0.5713375752114765,0.3641800060404713
95CI_HIGH,1.5943102606280872,1.8789206931576712,1.0334793593278355,1.123588229884407,0.8805428805428808
