,MAE,RMSE,PEARSONR,SPEARMANRHO,KENDALLTAU
value,1.6942729543683406,2.091800645319113,0.08605030312297512,0.15888033913445967,0.10741214661461712
95CI_LOW,1.5970545541354717,1.9876862440534095,0.00498978847749551,0.08063903084151042,0.05208363571654265
95CI_HIGH,1.7906388907416544,2.195388103349651,0.16318430600950665,0.2398005173123583,0.1626064318713788
