,MAE,RMSE,PEARSONR,SPEARMANRHO,KENDALLTAU
value,1.2247107388691523,1.5154315173984323,0.8257203980141241,0.7504234895539245,0.5844155844155845
95CI_LOW,0.8484335238338416,1.2052854173575656,0.7045429011415332,0.5702795711630829,0.36237955592794313
95CI_HIGH,1.5945357044083013,1.872713502657334,1.0336340990115274,1.1019952530847312,0.8758079130172155
