,MAE,RMSE,PEARSONR,SPEARMANRHO,KENDALLTAU
value,1.6942729543683406,2.091800645319113,0.08605030312297512,0.15888033913445967,0.10741214661461712
95CI_LOW,1.5961686477509411,1.991625488519599,0.007746382319670647,0.08096562165702151,0.0539556483472963
95CI_HIGH,1.790079273563183,2.1951480152715184,0.16287832158681365,0.24064153899139246,0.16076671906289966
