,MAE,RMSE,PEARSONR,SPEARMANRHO,KENDALLTAU
value,2.0348775017384795,2.2983468102368247,-0.24174908083675004,-0.28847859606777493,-0.19171899027990705
95CI_LOW,1.866191094555052,2.14193311397023,-0.3763495563845453,-0.4438801814023242,-0.30076414666973766
95CI_HIGH,2.209353095105412,2.4575132302761427,-0.10121333454226894,-0.14488711177354358,-0.08636429243542881
