,MAE,RMSE,PEARSONR,SPEARMANRHO,KENDALLTAU
value,1.6973917529512075,1.9296800113851365,0.16888118803982463,0.15753315631039488,0.11161160477667921
95CI_LOW,1.525162603364184,1.773094770795475,-0.009501953424961351,-0.036219163280763134,-0.030652101010923
95CI_HIGH,1.8724945984751444,2.093371313761061,0.37048694763718115,0.35633873685090345,0.25763193512953425
