,MAE,RMSE,PEARSONR,SPEARMANRHO,KENDALLTAU
value,2.0348775017384795,2.2983468102368247,-0.24174908083675004,-0.28847859606777493,-0.19171899027990705
95CI_LOW,1.8626117727982718,2.1426287689833727,-0.379703502475289,-0.44419899155011827,-0.300129941135597
95CI_HIGH,2.211958633446528,2.458572584706648,-0.10567971247700947,-0.14579076671623065,-0.087287433125468
