,MAE,RMSE,PEARSONR,SPEARMANRHO,KENDALLTAU
value,0.840724015024683,0.9333791512468398,-0.8806695100707351,-1.0,-1.0
95CI_LOW,0.34735329431721573,0.5326635667615294,,,
95CI_HIGH,1.3404086931166617,1.5257189655609753,,,
