,MAE,RMSE,PEARSONR,SPEARMANRHO,KENDALLTAU
value,2.0348775017384795,2.2983468102368247,-0.24174908083675004,-0.28847859606777493,-0.19171899027990705
95CI_LOW,1.860919761533414,2.1365109041743926,-0.38082559340448907,-0.4447066465722655,-0.2984224133674984
95CI_HIGH,2.203510604721731,2.4633020277093416,-0.10522804509813649,-0.1462247225958656,-0.08788218319189212
