,MAE,RMSE,PEARSONR,SPEARMANRHO,KENDALLTAU
value,1.7297681946694654,2.1212750354334675,0.07347891266532684,0.14508460073145932,0.09788465624854022
95CI_LOW,1.6344691797671853,2.023127820891502,-0.0016264343666956005,0.0698462117004851,0.044908926830515644
95CI_HIGH,1.82372665936923,2.221105846704431,0.14767025392855263,0.22328335485113993,0.15032660702619355
