,MAE,RMSE,PEARSONR,SPEARMANRHO,KENDALLTAU
value,1.2247107388691523,1.5154315173984323,0.8257203980141241,0.7504234895539245,0.5844155844155845
95CI_LOW,0.8583737671152558,1.2067068902026643,0.7049645062405266,0.5724765529876361,0.3643867243867246
95CI_HIGH,1.5899232721937793,1.8759296131747076,1.0351101454502247,1.1088570018868922,0.8844274991063983
