,MAE,RMSE,PEARSONR,SPEARMANRHO,KENDALLTAU
value,2.480785919423024,2.5459749728730303,0.44631547054478765,0.400468746895314,0.28447054635322244
95CI_LOW,2.3086721675914297,2.375026317312895,0.22391782529027182,0.1493374178733211,0.08672173081953555
95CI_HIGH,2.6410483449452675,2.717151075588649,0.7078883787098156,0.7110248292692231,0.5040171857030173
