,MAE,RMSE,PEARSONR,SPEARMANRHO,KENDALLTAU
value,1.6926272066913526,1.9273339546055859,0.17224857989880837,0.16371671106780797,0.1157268403375801
95CI_LOW,1.5147929339064523,1.7715033174950636,-0.009367746454912451,-0.030888334662135697,-0.025794959557424224
95CI_HIGH,1.861678038302015,2.0929729496337246,0.3758248095897424,0.37107697167407466,0.261050747561603
