,MAE,RMSE,PEARSONR,SPEARMANRHO,KENDALLTAU
value,1.1588154113560376,1.2618980042769403,0.4765502042332187,0.5622282373018743,0.3868716201388817
95CI_LOW,0.9582903858896519,1.077204111965338,0.2689445906207275,0.37204194863757567,0.193465124701532
95CI_HIGH,1.36155440058066,1.4550526665531645,0.7258750468251332,0.8831710151036801,0.6048369790526412
