,MAE,RMSE,PEARSONR,SPEARMANRHO,KENDALLTAU
value,1.2247107388691523,1.5154315173984323,0.8257203980141241,0.7504234895539245,0.5844155844155845
95CI_LOW,0.8503273236013471,1.2042572007639192,0.7041882730101134,0.5685055908688436,0.36237955592794313
95CI_HIGH,1.5935038624756424,1.8744580292019153,1.0374719729889583,1.1105461172478779,0.877922077922078
