,MAE,RMSE,PEARSONR,SPEARMANRHO,KENDALLTAU
value,2.480785919423024,2.5459749728730303,0.44631547054478765,0.400468746895314,0.28447054635322244
95CI_LOW,2.309175736479542,2.3729439469718168,0.2248895221449102,0.14463281834869723,0.08637991001778511
95CI_HIGH,2.643080912368331,2.715580789170679,0.708860039536684,0.7094711883745521,0.49491450931414266
