,MAE,RMSE,PEARSONR,SPEARMANRHO,KENDALLTAU
value,2.480785919423024,2.5459749728730303,0.44631547054478765,0.400468746895314,0.28447054635322244
95CI_LOW,2.312081094099273,2.367648422182126,0.22040565799168643,0.13739222576557575,0.08897819549868313
95CI_HIGH,2.639576972475555,2.721614539483597,0.7118069756312777,0.7111975294717027,0.5012490763997848
