,MAE,RMSE,PEARSONR,SPEARMANRHO,KENDALLTAU
value,1.2247107388691523,1.5154315173984323,0.8257203980141241,0.7504234895539245,0.5844155844155845
95CI_LOW,0.8425575019473552,1.2083851192576962,0.7036313932469497,0.5702025982612937,0.36149171928988455
95CI_HIGH,1.5914459147574123,1.8755601947866352,1.0386732701593895,1.107719422866478,0.8961038961038963
