,MAE,RMSE,PEARSONR,SPEARMANRHO,KENDALLTAU
value,1.6973917529512075,1.9296800113851365,0.16888118803982463,0.15753315631039488,0.11161160477667921
95CI_LOW,1.5201210897415947,1.7753361126801024,-0.003293469015436312,-0.039482046058034015,-0.029703551058957972
95CI_HIGH,1.8698415607132872,2.093599150277253,0.37026473830620654,0.36499681758783176,0.2549854098737566
