,MAE,RMSE,PEARSONR,SPEARMANRHO,KENDALLTAU
value,1.1588154113560376,1.2618980042769403,0.4765502042332187,0.5622282373018743,0.3868716201388817
95CI_LOW,0.9616194360739754,1.0782033899728336,0.2687012636872378,0.36975115821520754,0.18989973591788434
95CI_HIGH,1.3613673311193248,1.4587298808702838,0.7281275622373776,0.8819076327283647,0.6083796059997225
