,MAE,RMSE,PEARSONR,SPEARMANRHO,KENDALLTAU
value,1.6505831291187245,1.8886210297291213,0.20782722649765709,0.1844589643881171,0.13125588890913348
95CI_LOW,1.4700147497296145,1.723746706076963,0.030150460164453274,-0.01658034743454362,-0.0074735573254431364
95CI_HIGH,1.8280324020042684,2.060643486830008,0.4124444529867644,0.3967465346430427,0.2784007886932446
