,MAE,RMSE,PEARSONR,SPEARMANRHO,KENDALLTAU
value,2.096888984395484,2.354549786539679,-0.23615834352284848,-0.26762781729614277,-0.17793065633298066
95CI_LOW,1.9138965986995236,2.1826493632093693,-0.3798614308821703,-0.43307892211333165,-0.28939807474832924
95CI_HIGH,2.2791390725259886,2.526294849933428,-0.09456631705001733,-0.11106954282277215,-0.0645691105681449
