,MAE,RMSE,PEARSONR,SPEARMANRHO,KENDALLTAU
value,1.1588154113560376,1.2618980042769403,0.4765502042332187,0.5622282373018743,0.3868716201388817
95CI_LOW,0.9598511384194088,1.0790607456751211,0.27136184972705535,0.3705144591429643,0.19309066764930027
95CI_HIGH,1.3574574381338684,1.4622631719897123,0.7305764379234537,0.8733141414447929,0.6051130537606817
