,MAE,RMSE,PEARSONR,SPEARMANRHO,KENDALLTAU
value,1.6926272066913526,1.9273339546055859,0.17224857989880837,0.16371671106780797,0.1157268403375801
95CI_LOW,1.5150263696297792,1.770285379227766,0.0016315189129121888,-0.03584939464485931,-0.02611544497392787
95CI_HIGH,1.8738155022702287,2.0914310462196335,0.37123756899512067,0.37252462518797,0.2613022586520063
