,MAE,RMSE,PEARSONR,SPEARMANRHO,KENDALLTAU
value,1.6926272066913526,1.9273339546055859,0.17224857989880837,0.16371671106780797,0.1157268403375801
95CI_LOW,1.516483523614897,1.7706210512277174,-0.002966417715612013,-0.02880899564978001,-0.021632127260869827
95CI_HIGH,1.868759550287627,2.091454057656412,0.3738766146854743,0.37639770166133313,0.25794907553398283
