,MAE,RMSE,PEARSONR,SPEARMANRHO,KENDALLTAU
value,1.6505831291187245,1.8886210297291213,0.20782722649765709,0.1844589643881171,0.13125588890913348
95CI_LOW,1.4706586200811735,1.7271890637566614,0.030873377208068042,-0.017367680091865567,-0.014245385210943484
95CI_HIGH,1.832426935087289,2.0586233651666808,0.4154645406702259,0.39459581106081654,0.28004129574625847
