,MAE,RMSE,PEARSONR,SPEARMANRHO,KENDALLTAU
value,1.2247107388691523,1.5154315173984323,0.8257203980141241,0.7504234895539245,0.5844155844155845
95CI_LOW,0.8445895880584737,1.206019448878861,0.7041419345858928,0.5702795711630829,0.3641800060404713
95CI_HIGH,1.5913112090554282,1.885981914462045,1.0320707257181834,1.1216857279304864,0.8805428805428808
