,MAE,RMSE,PEARSONR,SPEARMANRHO,KENDALLTAU
value,1.1588154113560376,1.2618980042769403,0.4765502042332187,0.5622282373018743,0.3868716201388817
95CI_LOW,0.9572660545716118,1.0764783593499012,0.26910407921714663,0.3690634601981675,0.18745796789355607
95CI_HIGH,1.3549787757889065,1.4611902056586816,0.7258933968871307,0.8743768543419053,0.5993321999836954
