,MAE,RMSE,PEARSONR,SPEARMANRHO,KENDALLTAU
value,2.126037351597919,2.372555519672046,-0.21019719969088058,-0.24372905286007213,-0.1612893298779731
95CI_LOW,1.9412197933053053,2.1999078129740552,-0.35580036722678055,-0.4143933505559597,-0.2761314899000415
95CI_HIGH,2.305983405665585,2.543226086536725,-0.06899206585120088,-0.08489110211411977,-0.04787878493575837
