,MAE,RMSE,PEARSONR,SPEARMANRHO,KENDALLTAU
value,1.2247107388691523,1.5154315173984323,0.8257203980141241,0.7504234895539245,0.5844155844155845
95CI_LOW,0.8575394401948548,1.2107823248891787,0.7044737344032953,0.5713015245623944,0.3652597402597404
95CI_HIGH,1.5858755408112695,1.88305287259591,1.0351177270028415,1.1109484207854372,0.8837632955280017
