,MAE,RMSE,PEARSONR,SPEARMANRHO,KENDALLTAU
value,1.6505831291187245,1.8886210297291213,0.20782722649765709,0.1844589643881171,0.13125588890913348
95CI_LOW,1.470163682596877,1.7268443375927998,0.028372840400678667,-0.010991938446658134,-0.010400994818601128
95CI_HIGH,1.8309056126818612,2.0607149407494587,0.41536105148891417,0.39619530674007664,0.28108320387034447
