,MAE,RMSE,PEARSONR,SPEARMANRHO,KENDALLTAU
value,2.1481048084746774,2.3981327729686055,-0.18855844280890338,-0.21853851845253133,-0.1461556074816349
95CI_LOW,1.9683762238863296,2.232564786261316,-0.3362084071009262,-0.3949108344129695,-0.26494303249858203
95CI_HIGH,2.3328231893869846,2.570408626201448,-0.04350922884186054,-0.05821732840345162,-0.029859221871911035
