,MAE,RMSE,PEARSONR,SPEARMANRHO,KENDALLTAU
value,2.480785919423024,2.5459749728730303,0.44631547054478765,0.400468746895314,0.28447054635322244
95CI_LOW,2.312131295680727,2.3653145440388066,0.22253906037123572,0.1435824772765264,0.0912401643416853
95CI_HIGH,2.640809820641168,2.7187003249292294,0.7090247926269418,0.7110795455710585,0.49822690741331765
