,MAE,RMSE,PEARSONR,SPEARMANRHO,KENDALLTAU
value,2.480785919423024,2.5459749728730303,0.44631547054478765,0.400468746895314,0.28447054635322244
95CI_LOW,2.3108472870021073,2.3679532114324395,0.22453310748975963,0.14522386504728013,0.09157134311354964
95CI_HIGH,2.639919951811652,2.719909316652911,0.705987297821839,0.7155611709598229,0.5114681301602844
