,MAE,RMSE,PEARSONR,SPEARMANRHO,KENDALLTAU
value,1.7166861622292817,2.1128228198076084,0.07623970243236931,0.1463963681156945,0.09882627817919934
95CI_LOW,1.6197893687435652,2.013850358968739,0.0004401943642098338,0.06791845875523181,0.04357086354123632
95CI_HIGH,1.811114383332531,2.212638654122346,0.1516672839106021,0.2261610386752292,0.15028711206720108
