,MAE,RMSE,PEARSONR,SPEARMANRHO,KENDALLTAU
value,2.0348775017384795,2.2983468102368247,-0.24174908083675004,-0.28847859606777493,-0.19171899027990705
95CI_LOW,1.8638493805521148,2.1413503938763947,-0.38200878261553106,-0.4426464253481617,-0.3002132366627368
95CI_HIGH,2.203244539754051,2.4617064576424377,-0.10407377868114748,-0.14309850711275296,-0.09047127535971677
