,MAE,RMSE,PEARSONR,SPEARMANRHO,KENDALLTAU
value,2.480785919423024,2.5459749728730303,0.44631547054478765,0.400468746895314,0.28447054635322244
95CI_LOW,2.318794576923325,2.3684843822975132,0.22614818794581604,0.14809236557523697,0.09006748242013102
95CI_HIGH,2.6430906051634477,2.7150778309153845,0.7037701081092118,0.7145563667060685,0.49436036523389004
