,MAE,RMSE,PEARSONR,SPEARMANRHO,KENDALLTAU
value,2.1559019409235627,2.4028131531721626,-0.11481439897654315,-0.1567869958141768,-0.10592124559132317
95CI_LOW,1.9713098990423035,2.2436707213845852,-0.27433725809470005,-0.32958600010086897,-0.22422044526032048
95CI_HIGH,2.338622996650865,2.570051328859416,0.04552697967456745,0.01107814261677137,0.012885638940782235
