,MAE,RMSE,PEARSONR,SPEARMANRHO,KENDALLTAU
value,2.0348775017384795,2.2983468102368247,-0.24174908083675004,-0.28847859606777493,-0.19171899027990705
95CI_LOW,1.8615782100764893,2.1364837980142513,-0.38381274853134645,-0.44534573284502854,-0.297740228652145
95CI_HIGH,2.207650706443986,2.459483351611679,-0.10332921055097244,-0.1396762664374785,-0.0878090171815426
