,MAE,RMSE,PEARSONR,SPEARMANRHO,KENDALLTAU
value,1.0050854797119944,1.4786304399313637,0.8544367312798308,1.0,1.0
95CI_LOW,-0.5279054019122564,0.4191845185264822,,,
95CI_HIGH,1.8125803374500826,2.7596702578888213,,,
