,MAE,RMSE,PEARSONR,SPEARMANRHO,KENDALLTAU
value,1.6973917529512075,1.9296800113851365,0.16888118803982463,0.15753315631039488,0.11161160477667921
95CI_LOW,1.527927391013788,1.772976459729203,-0.005684820344658781,-0.03872194013407765,-0.028628046239755484
95CI_HIGH,1.8716861352879213,2.0937230314601196,0.3733235627583038,0.3618095464511393,0.25623119705320785
