,MAE,RMSE,PEARSONR,SPEARMANRHO,KENDALLTAU
value,2.1485244634958396,2.3998080281228145,-0.15265759544910593,-0.19185688105256538,-0.1290063077202038
95CI_LOW,1.9624199334377304,2.2342399436834186,-0.3079782654978729,-0.36764775280462836,-0.24805931392240074
95CI_HIGH,2.3297192248788785,2.5695363486102805,-0.004614330850027104,-0.030547219542893356,-0.011097444611433416
