,MAE,RMSE,PEARSONR,SPEARMANRHO,KENDALLTAU
value,1.6942729543683406,2.091800645319113,0.08605030312297512,0.15888033913445967,0.10741214661461712
95CI_LOW,1.597213163092489,1.9894490876556907,0.008947571755780842,0.08145681211644953,0.05337034204798735
95CI_HIGH,1.7908380217651452,2.1947443141669587,0.16220441763321555,0.238113039304171,0.16067526341749938
