,MAE,RMSE,PEARSONR,SPEARMANRHO,KENDALLTAU
value,1.7166861622292817,2.1128228198076084,0.07623970243236931,0.1463963681156945,0.09882627817919934
95CI_LOW,1.6200658436429505,2.0135321464471474,0.0017191472033009636,0.06772450155747342,0.047204462815485654
95CI_HIGH,1.8121294523615827,2.212204541802051,0.15201613447216453,0.2261999970855009,0.15321641803719513
