,MAE,RMSE,PEARSONR,SPEARMANRHO,KENDALLTAU
value,1.6942729543683406,2.091800645319113,0.08605030312297512,0.15888033913445967,0.10741214661461712
95CI_LOW,1.5974051129973175,1.9875858304568137,0.007319076358541343,0.07980912883779523,0.05332709388934781
95CI_HIGH,1.7895981320561443,2.1941990792911064,0.16262756765465183,0.24002379747853222,0.16285752645748602
