,MAE,RMSE,PEARSONR,SPEARMANRHO,KENDALLTAU
value,2.480785919423024,2.5459749728730303,0.44631547054478765,0.400468746895314,0.28447054635322244
95CI_LOW,2.3120549819368224,2.3678624393135923,0.22081229608629116,0.1457372501476598,0.08897221942373035
95CI_HIGH,2.6420623990009893,2.7165682190612075,0.7149994681933511,0.713527898596076,0.4959374732402184
