,MAE,RMSE,PEARSONR,SPEARMANRHO,KENDALLTAU
value,1.7166861622292817,2.1128228198076084,0.07623970243236931,0.1463963681156945,0.09882627817919934
95CI_LOW,1.619978076198942,2.014018401333652,0.0012658057054525385,0.06979771123897036,0.044987086947627764
95CI_HIGH,1.8102279765118898,2.2117985461599594,0.15123605662131864,0.22617916925450993,0.15254966012138688
