,MAE,RMSE,PEARSONR,SPEARMANRHO,KENDALLTAU
value,1.1588154113560376,1.2618980042769403,0.4765502042332187,0.5622282373018743,0.3868716201388817
95CI_LOW,0.9552921815565443,1.080568970171589,0.2688324659554996,0.36930826218685586,0.19040990694443016
95CI_HIGH,1.3587454359755866,1.4594350998274173,0.7293013411729137,0.8771402310381594,0.5984802804468562
