,MAE,RMSE,PEARSONR,SPEARMANRHO,KENDALLTAU
value,1.6505831291187245,1.8886210297291213,0.20782722649765709,0.1844589643881171,0.13125588890913348
95CI_LOW,1.4710928552992752,1.726892400033667,0.03409029661443386,-0.014466985082950412,-0.015787764176298347
95CI_HIGH,1.8301550506147848,2.0592103102419617,0.4165558254445776,0.3987115670832611,0.27815248446029445
