,MAE,RMSE,PEARSONR,SPEARMANRHO,KENDALLTAU
value,1.7166861622292817,2.1128228198076084,0.07623970243236931,0.1463963681156945,0.09882627817919934
95CI_LOW,1.6202666885292767,2.0145574661582684,-0.0016090336250506043,0.06753945491483052,0.045361506685404285
95CI_HIGH,1.8134554193066794,2.213808016512883,0.15195020742256524,0.22439677319582668,0.15269451927977085
