,MAE,RMSE,PEARSONR,SPEARMANRHO,KENDALLTAU
value,2.480785919423024,2.5459749728730303,0.44631547054478765,0.400468746895314,0.28447054635322244
95CI_LOW,2.3065317437249657,2.3748981156825635,0.22700940349778664,0.14319999434542752,0.08348756320458928
95CI_HIGH,2.6433223927690372,2.7157548178070923,0.714407116736643,0.7076089087395968,0.4985738607966931
