,MAE,RMSE,PEARSONR,SPEARMANRHO,KENDALLTAU
value,1.7297681946694654,2.1212750354334675,0.07347891266532684,0.14508460073145932,0.09788465624854022
95CI_LOW,1.6328260601906535,2.024439391533053,-0.0018180875197649216,0.0657442014909958,0.04464229386937349
95CI_HIGH,1.8241747505265402,2.2193199010698135,0.14890234316294806,0.22383479103132983,0.15244275043860162
