,MAE,RMSE,PEARSONR,SPEARMANRHO,KENDALLTAU
value,1.7166861622292817,2.1128228198076084,0.07623970243236931,0.1463963681156945,0.09882627817919934
95CI_LOW,1.6190627527751595,2.0147870783823953,0.0013854547232856895,0.06706212726035346,0.04683636087091653
95CI_HIGH,1.8092054258376717,2.2158144888474243,0.15157187471982664,0.22425136141583824,0.15287278947552954
