,MAE,RMSE,PEARSONR,SPEARMANRHO,KENDALLTAU
value,1.6261020340409402,1.8480762553077361,0.7058640106601116,0.7999999999999999,0.5555555555555556
95CI_LOW,1.0994906412763936,1.4771262752173842,0.4390897584068447,0.6526315789473683,0.24014336917562717
95CI_HIGH,2.22048287168632,2.3119856305960607,1.0647849463127799,1.343362831858407,0.9777777777777779
