,MAE,RMSE,PEARSONR,SPEARMANRHO,KENDALLTAU
value,1.64887446107361,1.8925366602378848,0.6902459585372525,0.8095238095238096,0.5714285714285714
95CI_LOW,1.0437051449052976,1.496088571786216,0.39396932509464666,0.6437389770723108,0.22285714285714286
95CI_HIGH,2.3305834050696403,2.4350748119427696,1.086073318323502,1.3785412899336953,1.0595238095238095
