,MAE,RMSE,PEARSONR,SPEARMANRHO,KENDALLTAU
value,2.1559019409235627,2.4028131531721626,-0.11481439897654315,-0.1567869958141768,-0.10592124559132317
95CI_LOW,1.9755368143370995,2.242749886804355,-0.27517283790325986,-0.3319954138981217,-0.22668397060352596
95CI_HIGH,2.335518451507551,2.569311769849962,0.040607874295128715,0.008217927132115388,0.015117768215166472
