,MAE,RMSE,PEARSONR,SPEARMANRHO,KENDALLTAU
value,2.480785919423024,2.5459749728730303,0.44631547054478765,0.400468746895314,0.28447054635322244
95CI_LOW,2.3159057170244304,2.3720059272698957,0.22261176197429777,0.14415887885760492,0.08792550728760518
95CI_HIGH,2.6441453340417014,2.720612322333463,0.7111995758503892,0.7133832963482467,0.4926675861011867
