,MAE,RMSE,PEARSONR,SPEARMANRHO,KENDALLTAU
value,1.6505831291187245,1.8886210297291213,0.20782722649765709,0.1844589643881171,0.13125588890913348
95CI_LOW,1.4679444899441025,1.721202322246305,0.03235326276525696,-0.01562969594050634,-0.011648255127534202
95CI_HIGH,1.8312717810849604,2.0581112866874625,0.4118825596808172,0.39378412696880283,0.2801945143625537
