,MAE,RMSE,PEARSONR,SPEARMANRHO,KENDALLTAU
value,1.6926272066913526,1.9273339546055859,0.17224857989880837,0.16371671106780797,0.1157268403375801
95CI_LOW,1.5121250885821562,1.7661696472238515,-0.009102235973076411,-0.03624735587105343,-0.025825931074116626
95CI_HIGH,1.870218337785383,2.088938946361096,0.3747639046461077,0.37383516293330266,0.2596065867475308
