,MAE,RMSE,PEARSONR,SPEARMANRHO,KENDALLTAU
value,2.480785919423024,2.5459749728730303,0.44631547054478765,0.400468746895314,0.28447054635322244
95CI_LOW,2.3130864090954004,2.3757286308388252,0.22723929292600475,0.14772538282351233,0.0877127867971279
95CI_HIGH,2.6475165777435303,2.71918204738156,0.7103713377948503,0.7011188084517346,0.49620868140564595
