,MAE,RMSE,PEARSONR,SPEARMANRHO,KENDALLTAU
value,2.480785919423024,2.5459749728730303,0.44631547054478765,0.400468746895314,0.28447054635322244
95CI_LOW,2.312263837696354,2.370191736409262,0.21982745754567978,0.14627706959842068,0.08384719752266445
95CI_HIGH,2.639879946775459,2.7176717285809895,0.7100734494195102,0.7061151818322738,0.49866108294248623
