,MAE,RMSE,PEARSONR,SPEARMANRHO,KENDALLTAU
value,2.480785919423024,2.5459749728730303,0.44631547054478765,0.400468746895314,0.28447054635322244
95CI_LOW,2.307863919313799,2.375980481584071,0.22601827795535667,0.15384814267440672,0.09016513292035577
95CI_HIGH,2.639628032481446,2.7168806573758073,0.7125817849532143,0.7132339141414012,0.4994646110951353
