,MAE,RMSE,PEARSONR,SPEARMANRHO,KENDALLTAU
value,2.480785919423024,2.5459749728730303,0.44631547054478765,0.400468746895314,0.28447054635322244
95CI_LOW,2.311948992034223,2.3732786013588396,0.22555939873870257,0.1418773550914485,0.09218288910879496
95CI_HIGH,2.6432272943912474,2.719746022488303,0.7202416357832684,0.7135160866479822,0.5037591122496945
