,MAE,RMSE,PEARSONR,SPEARMANRHO,KENDALLTAU
value,1.6942729543683406,2.091800645319113,0.08605030312297512,0.15888033913445967,0.10741214661461712
95CI_LOW,1.5981253436373886,1.98974187858194,0.007984318770637516,0.07854286871251684,0.05333276883278901
95CI_HIGH,1.7917286133888575,2.1970506106632435,0.1640452770246318,0.23994536415993106,0.16250754863631872
