,MAE,RMSE,PEARSONR,SPEARMANRHO,KENDALLTAU
value,1.2247107388691523,1.5154315173984323,0.8257203980141241,0.7504234895539245,0.5844155844155845
95CI_LOW,0.844292761064362,1.2103943794866077,0.7048773203939298,0.5706370412196502,0.3597402597402599
95CI_HIGH,1.5917688726137025,1.8777490424714207,1.0332132060993384,1.1059856677899789,0.8863546095160445
