,MAE,RMSE,PEARSONR,SPEARMANRHO,KENDALLTAU
value,2.0348775017384795,2.2983468102368247,-0.24174908083675004,-0.28847859606777493,-0.19171899027990705
95CI_LOW,1.8636536068452436,2.135282541271259,-0.37866335432535253,-0.4491230294807802,-0.3034981453168333
95CI_HIGH,2.2098941475710285,2.4554736621351148,-0.1036477359267286,-0.1415493668331288,-0.08651465894791671
