,MAE,RMSE,PEARSONR,SPEARMANRHO,KENDALLTAU
value,1.1588154113560376,1.2618980042769403,0.4765502042332187,0.5622282373018743,0.3868716201388817
95CI_LOW,0.961228782471993,1.0764947792730697,0.2681339172195182,0.3749466539467098,0.19463866181951683
95CI_HIGH,1.3571716735718868,1.4599845210950397,0.7295665416098199,0.8767068623305408,0.6029764710082558
