,MAE,RMSE,PEARSONR,SPEARMANRHO,KENDALLTAU
value,1.6505831291187245,1.8886210297291213,0.20782722649765709,0.1844589643881171,0.13125588890913348
95CI_LOW,1.4675167684029415,1.7274427168599757,0.03270039620762172,-0.015568484640264668,-0.014803085281295092
95CI_HIGH,1.8287709886187429,2.058993590056698,0.4183042478872593,0.39640147718644403,0.2800372997833727
