,MAE,RMSE,PEARSONR,SPEARMANRHO,KENDALLTAU
value,2.480785919423024,2.5459749728730303,0.44631547054478765,0.400468746895314,0.28447054635322244
95CI_LOW,2.3081999644207616,2.3674332289095052,0.22108122465334057,0.14650405773895359,0.08750640518521036
95CI_HIGH,2.643785591352639,2.719581280863722,0.7122432732002539,0.7057628316585415,0.4996718508802939
