,MAE,RMSE,PEARSONR,SPEARMANRHO,KENDALLTAU
value,1.1588154113560376,1.2618980042769403,0.4765502042332187,0.5622282373018743,0.3868716201388817
95CI_LOW,0.9625431000798728,1.0794851857605092,0.2649617316960662,0.37242079367458014,0.19736765855173977
95CI_HIGH,1.3581022183850504,1.4577127361747493,0.727344285258544,0.8788968961339665,0.6058043089800536
