,MAE,RMSE,PEARSONR,SPEARMANRHO,KENDALLTAU
value,1.6926272066913526,1.9273339546055859,0.17224857989880837,0.16371671106780797,0.1157268403375801
95CI_LOW,1.5161843201626835,1.7709078432101828,0.0008460083911514538,-0.030623948830605485,-0.024324536124159524
95CI_HIGH,1.869398751704878,2.093057354603924,0.3768924032896785,0.374622393851024,0.258920669461304
