,MAE,RMSE,PEARSONR,SPEARMANRHO,KENDALLTAU
value,2.0348775017384795,2.2983468102368247,-0.24174908083675004,-0.28847859606777493,-0.19171899027990705
95CI_LOW,1.8614580613939484,2.1364842517419755,-0.3822074272960289,-0.44836393385727846,-0.2987568138771686
95CI_HIGH,2.2037865652722424,2.464129751231067,-0.10359128805816648,-0.14358138725878178,-0.08795564286562663
