,MAE,RMSE,PEARSONR,SPEARMANRHO,KENDALLTAU
value,1.7297681946694654,2.1212750354334675,0.07347891266532684,0.14508460073145932,0.09788465624854022
95CI_LOW,1.6354592462823438,2.024418825930147,-0.00014379341024489678,0.06873917333043977,0.04454731158106415
95CI_HIGH,1.8238547629111215,2.2194841910340033,0.1463981108124117,0.2220668142002606,0.1506209503972642
