,MAE,RMSE,PEARSONR,SPEARMANRHO,KENDALLTAU
value,1.7166861622292817,2.1128228198076084,0.07623970243236931,0.1463963681156945,0.09882627817919934
95CI_LOW,1.6202613438492977,2.0139954020709783,0.0005895974661123682,0.06974242205982728,0.044989566606658815
95CI_HIGH,1.8127422444360715,2.212494697832093,0.15133638649550477,0.2250236914412651,0.15207932656946319
