,MAE,RMSE,PEARSONR,SPEARMANRHO,KENDALLTAU
value,1.2247107388691523,1.5154315173984323,0.8257203980141241,0.7504234895539245,0.5844155844155845
95CI_LOW,0.8499151649668366,1.2064395098563763,0.7045982898565378,0.571339575624465,0.36601426742271825
95CI_HIGH,1.590215868477181,1.886868085053641,1.0364022622938307,1.1018889574878976,0.8837632955280017
