,MAE,RMSE,PEARSONR,SPEARMANRHO,KENDALLTAU
value,1.3554832806823764,1.6163908444045179,0.8816695939197376,0.9215686274509804,0.764705882352941
95CI_LOW,0.9320894631583512,1.2938581291565476,0.7925658252313847,0.8678270906481057,0.6224350205198355
95CI_HIGH,1.779602064677173,1.9947983261700972,1.058901701010656,1.100637254901961,0.9556412729026034
