,MAE,RMSE,PEARSONR,SPEARMANRHO,KENDALLTAU
value,2.131638953572315,2.3835396677498637,-0.21797223588063616,-0.25034949664930345,-0.167559605290674
95CI_LOW,1.942300275487939,2.2106943740741314,-0.3642854213831055,-0.42175145467388575,-0.28246833782995245
95CI_HIGH,2.3172725278514554,2.5586288105305255,-0.07526119966467143,-0.08982091516417262,-0.05134379511834336
