,MAE,RMSE,PEARSONR,SPEARMANRHO,KENDALLTAU
value,1.1588154113560376,1.2618980042769403,0.4765502042332187,0.5622282373018743,0.3868716201388817
95CI_LOW,0.9568053552932778,1.0783732058926818,0.2686331516592275,0.3701319221553816,0.19477399915895943
95CI_HIGH,1.3567737694129973,1.4541142343758056,0.7318685771113236,0.8829606911155868,0.6019862640117983
