,MAE,RMSE,PEARSONR,SPEARMANRHO,KENDALLTAU
value,1.6942729543683406,2.091800645319113,0.08605030312297512,0.15888033913445967,0.10741214661461712
95CI_LOW,1.5982289381591817,1.991041792223089,0.009223815763775733,0.07840369330178965,0.0515590905777292
95CI_HIGH,1.7922062701470114,2.1956200282163163,0.16099411811820352,0.23855289888475,0.1623448285479507
