,MAE,RMSE,PEARSONR,SPEARMANRHO,KENDALLTAU
value,1.2247107388691523,1.5154315173984323,0.8257203980141241,0.7504234895539245,0.5844155844155845
95CI_LOW,0.8426396753450307,1.212190480672677,0.7039469829544039,0.5701986641987615,0.3650928510741597
95CI_HIGH,1.5914674245370597,1.879171525193034,1.0306499207152908,1.1093554132182561,0.8870129870129873
