,MAE,RMSE,PEARSONR,SPEARMANRHO,KENDALLTAU
value,1.6942729543683406,2.091800645319113,0.08605030312297512,0.15888033913445967,0.10741214661461712
95CI_LOW,1.595507089293608,1.9887030213571122,0.006956160703277592,0.07861821852252371,0.05291898542285198
95CI_HIGH,1.789923820756263,2.1950155598263494,0.1637802540812185,0.2395657096698256,0.16187527355290965
