,MAE,RMSE,PEARSONR,SPEARMANRHO,KENDALLTAU
value,2.0348775017384795,2.2983468102368247,-0.24174908083675004,-0.28847859606777493,-0.19171899027990705
95CI_LOW,1.85527365233097,2.1338463034114423,-0.3757220368987949,-0.44746557047480773,-0.2997301153111391
95CI_HIGH,2.206781381692368,2.4600202696893416,-0.10440224823315175,-0.1454052507967129,-0.09008542192166397
