,MAE,RMSE,PEARSONR,SPEARMANRHO,KENDALLTAU
value,1.6926272066913526,1.9273339546055859,0.17224857989880837,0.16371671106780797,0.1157268403375801
95CI_LOW,1.5170479523674059,1.7667548176979895,-0.004040268224424992,-0.03247827570443823,-0.026403667597917013
95CI_HIGH,1.8702245981982182,2.095457654867679,0.3761381376023782,0.37238503744741,0.2579221426161057
