,MAE,RMSE,PEARSONR,SPEARMANRHO,KENDALLTAU
value,1.6926272066913526,1.9273339546055859,0.17224857989880837,0.16371671106780797,0.1157268403375801
95CI_LOW,1.5121171967518565,1.7665407631250272,-0.005018385845420914,-0.029166026366579778,-0.02783778157927458
95CI_HIGH,1.86962709288501,2.092124377123207,0.37726053754398287,0.37131473712667257,0.2611045227617997
