,MAE,RMSE,PEARSONR,SPEARMANRHO,KENDALLTAU
value,2.0348775017384795,2.2983468102368247,-0.24174908083675004,-0.28847859606777493,-0.19171899027990705
95CI_LOW,1.8605710009510155,2.1368685343548695,-0.38025083108957075,-0.4461876221092569,-0.2984437287323565
95CI_HIGH,2.2074459050607693,2.4608822851506544,-0.10517595954946668,-0.14221160906254776,-0.08695633132992336
