,MAE,RMSE,PEARSONR,SPEARMANRHO,KENDALLTAU
value,1.6942729543683406,2.091800645319113,0.08605030312297512,0.15888033913445967,0.10741214661461712
95CI_LOW,1.5949060347774173,1.9892780039340487,0.007976201357252827,0.07877997029875403,0.05297008513971055
95CI_HIGH,1.7911078775790972,2.192991260944297,0.16278599930375212,0.23955822055059883,0.16050287356243997
