,MAE,RMSE,PEARSONR,SPEARMANRHO,KENDALLTAU
value,2.480785919423024,2.5459749728730303,0.44631547054478765,0.400468746895314,0.28447054635322244
95CI_LOW,2.3059393567132176,2.36936669901489,0.22530025870945736,0.14449249004379328,0.09020505820867258
95CI_HIGH,2.643791229422025,2.7168115337487326,0.7076179672515617,0.7125268042983351,0.5015525940841563
