,MAE,RMSE,PEARSONR,SPEARMANRHO,KENDALLTAU
value,1.6505831291187245,1.8886210297291213,0.20782722649765709,0.1844589643881171,0.13125588890913348
95CI_LOW,1.4700558131112713,1.7205671423070998,0.03488505029438038,-0.012597639318122078,-0.011878785690168647
95CI_HIGH,1.8321493838587681,2.0587891666901745,0.41505659630153857,0.3997127551874328,0.2785937407878384
