,MAE,RMSE,PEARSONR,SPEARMANRHO,KENDALLTAU
value,1.7166861622292817,2.1128228198076084,0.07623970243236931,0.1463963681156945,0.09882627817919934
95CI_LOW,1.6220059513655747,2.0134939588767344,0.0008362134177063163,0.0679993245416142,0.04452038130621158
95CI_HIGH,1.8117125364662927,2.213486787085461,0.1524928766733959,0.2254816733338168,0.15155702721959724
