,MAE,RMSE,PEARSONR,SPEARMANRHO,KENDALLTAU
value,2.0348775017384795,2.2983468102368247,-0.24174908083675004,-0.28847859606777493,-0.19171899027990705
95CI_LOW,1.8583056090879757,2.134185913449111,-0.3805519680306939,-0.4510336595293301,-0.2988611116975563
95CI_HIGH,2.206665629697449,2.46002312319067,-0.09950225683525349,-0.14028841566411737,-0.0887658194032267
