,MAE,RMSE,PEARSONR,SPEARMANRHO,KENDALLTAU
value,2.480785919423024,2.5459749728730303,0.44631547054478765,0.400468746895314,0.28447054635322244
95CI_LOW,2.3110472622580858,2.3697059753928302,0.22834173110899503,0.14601300936610206,0.088062860412702
95CI_HIGH,2.6421458829565405,2.719614323832021,0.7117722474519074,0.7132495149408975,0.4917646798041213
