,MAE,RMSE,PEARSONR,SPEARMANRHO,KENDALLTAU
value,1.1588154113560376,1.2618980042769403,0.4765502042332187,0.5622282373018743,0.3868716201388817
95CI_LOW,0.9598196929159402,1.0836297203152274,0.26561072322360313,0.3753279750743177,0.19709751335570969
95CI_HIGH,1.3548814858337779,1.4602826902009676,0.7317424823426764,0.8733700337430366,0.6016512456479881
