,MAE,RMSE,PEARSONR,SPEARMANRHO,KENDALLTAU
value,2.480785919423024,2.5459749728730303,0.44631547054478765,0.400468746895314,0.28447054635322244
95CI_LOW,2.3162008019041536,2.3727052393609673,0.2222800595934077,0.14778659475525657,0.08583434231943315
95CI_HIGH,2.643375588753891,2.7199717824054663,0.7157230332515144,0.7095843269071961,0.5005892994563765
