,MAE,RMSE,PEARSONR,SPEARMANRHO,KENDALLTAU
value,2.079568553991422,2.3412645994348575,-0.24377314017223478,-0.27905122084022,-0.18545937009080765
95CI_LOW,1.8981907733034662,2.1734777605502997,-0.3836887008423312,-0.44237494608726186,-0.29613519781588865
95CI_HIGH,2.25843964817929,2.5107161824247846,-0.10918940410804207,-0.12668264661313855,-0.077161455190774
