,MAE,RMSE,PEARSONR,SPEARMANRHO,KENDALLTAU
value,1.6942729543683406,2.091800645319113,0.08605030312297512,0.15888033913445967,0.10741214661461712
95CI_LOW,1.5957066987056936,1.9915556830178631,0.00758270773226008,0.0800335949677699,0.053873115902993485
95CI_HIGH,1.7905616778319793,2.1931507854474206,0.16479033573326013,0.23994166338333445,0.16147656861474644
