,MAE,RMSE,PEARSONR,SPEARMANRHO,KENDALLTAU
value,1.6505831291187245,1.8886210297291213,0.20782722649765709,0.1844589643881171,0.13125588890913348
95CI_LOW,1.4726825330442876,1.7267845549243308,0.03225358627541891,-0.01857159292014854,-0.01054036297108224
95CI_HIGH,1.8312218994976763,2.0588215839852904,0.4161430361060192,0.3872731470093915,0.2796254439543507
