,MAE,RMSE,PEARSONR,SPEARMANRHO,KENDALLTAU
value,1.6261020340409402,1.8480762553077361,0.7058640106601116,0.7999999999999999,0.5555555555555556
95CI_LOW,1.0911175956973431,1.459889684688822,0.4429117841420832,0.6526315789473683,0.24014336917562717
95CI_HIGH,2.2125406853523937,2.3321236712390236,1.064477302801486,1.3706422018348623,0.9777777777777779
