,MAE,RMSE,PEARSONR,SPEARMANRHO,KENDALLTAU
value,1.6505831291187245,1.8886210297291213,0.20782722649765709,0.1844589643881171,0.13125588890913348
95CI_LOW,1.4686523035624384,1.725946386533344,0.03389911327786088,-0.015486577464341456,-0.01385559853075291
95CI_HIGH,1.827497356632174,2.061472698828231,0.4186898145449354,0.3924115840628724,0.28253149238836006
