,MAE,RMSE,PEARSONR,SPEARMANRHO,KENDALLTAU
value,1.1588154113560376,1.2618980042769403,0.4765502042332187,0.5622282373018743,0.3868716201388817
95CI_LOW,0.962030358629673,1.079844198171956,0.26619177083675083,0.37298007549819556,0.19469331019975677
95CI_HIGH,1.3579754465662663,1.4553577277723315,0.7287398474286335,0.8780941555716961,0.6051994223227424
