,MAE,RMSE,PEARSONR,SPEARMANRHO,KENDALLTAU
value,1.6926272066913526,1.9273339546055859,0.17224857989880837,0.16371671106780797,0.1157268403375801
95CI_LOW,1.5166582544833698,1.771548653031366,-0.005414835685756181,-0.03213707667329363,-0.026220268811202374
95CI_HIGH,1.8716262998400341,2.089189485366048,0.37291385296235,0.37145508228069846,0.259054549586079
