,MAE,RMSE,PEARSONR,SPEARMANRHO,KENDALLTAU
value,1.6505831291187245,1.8886210297291213,0.20782722649765709,0.1844589643881171,0.13125588890913348
95CI_LOW,1.4706757818049676,1.7219169677865063,0.032802518396295,-0.015449404526447719,-0.012341538360142179
95CI_HIGH,1.83386603242559,2.06230870708799,0.4134967593531016,0.3963242038540598,0.27734146479304683
