,MAE,RMSE,PEARSONR,SPEARMANRHO,KENDALLTAU
value,1.9225538921742118,2.1019146661765418,-0.07697410879569618,-0.04242424242424241,-0.022222222222222223
95CI_LOW,1.4150960603769382,1.6755361701715303,-0.8476156969697863,-0.795540308747856,-0.6158730158730158
95CI_HIGH,2.4651245220886047,2.6046383403668067,0.5496499653380759,0.6348967380814515,0.5555555555555556
