,MAE,RMSE,PEARSONR,SPEARMANRHO,KENDALLTAU
value,1.9225538921742118,2.1019146661765418,-0.07697410879569618,-0.04242424242424241,-0.022222222222222223
95CI_LOW,1.4171453210469767,1.6772291211753965,-0.8482091082123661,-0.7885521885521886,-0.6341880341880342
95CI_HIGH,2.470652161922563,2.5992919432895247,0.5399100403332808,0.6384219554030875,0.5452991452991454
