,MAE,RMSE,PEARSONR,SPEARMANRHO,KENDALLTAU
value,1.9225538921742118,2.1019146661765418,-0.07697410879569618,-0.04242424242424241,-0.022222222222222223
95CI_LOW,1.4126922687146264,1.6679786964727774,-0.8418573684377291,-0.7849134199134188,-0.605420054200542
95CI_HIGH,2.4576696241814795,2.5935951093279463,0.5373023841798674,0.6183773216031282,0.5653116531165313
