,MAE,RMSE,PEARSONR,SPEARMANRHO,KENDALLTAU
value,1.9225538921742118,2.1019146661765418,-0.07697410879569618,-0.04242424242424241,-0.022222222222222223
95CI_LOW,1.4176229781669796,1.6784484312730394,-0.8387943414726985,-0.7848484848484847,-0.605420054200542
95CI_HIGH,2.467391531426629,2.587801601584178,0.5439377104620423,0.6384219554030875,0.5555555555555556
