,MAE,RMSE,PEARSONR,SPEARMANRHO,KENDALLTAU
value,1.9225538921742118,2.1019146661765418,-0.07697410879569618,-0.04242424242424241,-0.022222222222222223
95CI_LOW,1.4139274622891862,1.6844834912155937,-0.8414979655202393,-0.7830233522797332,-0.6347008547008473
95CI_HIGH,2.4646572407667735,2.5962155225766077,0.5355284193801766,0.6370058197872767,0.5555555555555556
