,MAE,RMSE,PEARSONR,SPEARMANRHO,KENDALLTAU
value,1.9225538921742118,2.1019146661765418,-0.07697410879569618,-0.04242424242424241,-0.022222222222222223
95CI_LOW,1.404216482744944,1.6806155772279503,-0.847041896432086,-0.795540308747856,-0.6233918128654972
95CI_HIGH,2.472307961180654,2.5960230108630604,0.5525931241526091,0.6424242424242423,0.5555555555555556
