,MAE,RMSE,PEARSONR,SPEARMANRHO,KENDALLTAU
value,1.9225538921742118,2.1019146661765418,-0.07697410879569618,-0.04242424242424241,-0.022222222222222223
95CI_LOW,1.418103135836458,1.6721044955548883,-0.8454278535094782,-0.7918548542752366,-0.6341880341880342
95CI_HIGH,2.4677641032171955,2.5849040743849865,0.5258164253067318,0.6424803591470255,0.5555555555555556
