,MAE,RMSE,PEARSONR,SPEARMANRHO,KENDALLTAU
value,1.9225538921742118,2.1019146661765418,-0.07697410879569618,-0.04242424242424241,-0.022222222222222223
95CI_LOW,1.4076351801446854,1.6755854871388247,-0.8409566397999694,-0.7885521885521886,-0.6233918128654972
95CI_HIGH,2.4664135996935324,2.608734400510553,0.5322862738001709,0.6424242424242423,0.5555555555555556
