,MAE,RMSE,PEARSONR,SPEARMANRHO,KENDALLTAU
value,1.9225538921742118,2.1019146661765418,-0.07697410879569618,-0.04242424242424241,-0.022222222222222223
95CI_LOW,1.4076459772865801,1.675371223851971,-0.838366576434701,-0.7931818181818179,-0.6122050622050594
95CI_HIGH,2.4608265914793055,2.5889697721964273,0.5442826234935062,0.6406417112299463,0.5555555555555556
