,MAE,RMSE,PEARSONR,SPEARMANRHO,KENDALLTAU
value,1.9225538921742118,2.1019146661765418,-0.07697410879569618,-0.04242424242424241,-0.022222222222222223
95CI_LOW,1.4117624931521875,1.677994178637003,-0.8427420795805091,-0.7829616923956547,-0.6158730158730158
95CI_HIGH,2.470708033416673,2.5947629013708586,0.5455315874522422,0.6526515151515151,0.5555555555555556
