,MAE,RMSE,PEARSONR,SPEARMANRHO,KENDALLTAU
value,1.9225538921742118,2.1019146661765418,-0.07697410879569618,-0.04242424242424241,-0.022222222222222223
95CI_LOW,1.4148660230036012,1.6708142412633795,-0.843173039312468,-0.7937092443421558,-0.6158730158730158
95CI_HIGH,2.4490500233260915,2.603321381362716,0.5446003189218204,0.6312008978675645,0.5555555555555556
