,MAE,RMSE,PEARSONR,SPEARMANRHO,KENDALLTAU
value,1.9225538921742118,2.1019146661765418,-0.07697410879569618,-0.04242424242424241,-0.022222222222222223
95CI_LOW,1.4197210604627593,1.6829039862459716,-0.8595170309874576,-0.7932081894898344,-0.6238562091503201
95CI_HIGH,2.461975057270676,2.6039996803883283,0.5460970346220221,0.6366872683579867,0.5555555555555556
