,MAE,RMSE,PEARSONR,SPEARMANRHO,KENDALLTAU
value,1.9225538921742118,2.1019146661765418,-0.07697410879569618,-0.04242424242424241,-0.022222222222222223
95CI_LOW,1.4051587111206727,1.6734784248178287,-0.8572122417292954,-0.7771561771561772,-0.6158730158730158
95CI_HIGH,2.4612718746758633,2.605004075299348,0.5415519465798555,0.6294372294372295,0.5555555555555556
