,MAE,RMSE,PEARSONR,SPEARMANRHO,KENDALLTAU
value,1.9225538921742118,2.1019146661765418,-0.07697410879569618,-0.04242424242424241,-0.022222222222222223
95CI_LOW,1.4071882283294181,1.6782689316567092,-0.849872908300984,-0.7772541683369696,-0.6233918128654972
95CI_HIGH,2.46777331304314,2.593417831870375,0.5455797035100781,0.6459207459207459,0.5653116531165313
