,MAE,RMSE,PEARSONR,SPEARMANRHO,KENDALLTAU
value,1.9225538921742118,2.1019146661765418,-0.07697410879569618,-0.04242424242424241,-0.022222222222222223
95CI_LOW,1.4329232385085522,1.675392157143233,-0.8381027531673905,-0.7829616923956547,-0.605420054200542
95CI_HIGH,2.4681368051585597,2.589585278865846,0.5353336596162771,0.6294372294372294,0.5555555555555556
