,MAE,RMSE,PEARSONR,SPEARMANRHO,KENDALLTAU
value,1.9225538921742118,2.1019146661765418,-0.07697410879569618,-0.04242424242424241,-0.022222222222222223
95CI_LOW,1.4044761041527467,1.6801387070144838,-0.8372261003658225,-0.7972708704693997,-0.6158730158730158
95CI_HIGH,2.463689286426941,2.5938046675622326,0.537510829395997,0.6294372294372295,0.5452991452991454
