,MAE,RMSE,PEARSONR,SPEARMANRHO,KENDALLTAU
value,1.9225538921742118,2.1019146661765418,-0.07697410879569618,-0.04242424242424241,-0.022222222222222223
95CI_LOW,1.4098331283784242,1.686763051079791,-0.8482892847917712,-0.8049412000802716,-0.6341880341880342
95CI_HIGH,2.462481725258958,2.594035566349257,0.5453926030154689,0.6435784366967161,0.5555555555555556
