,MAE,RMSE,PEARSONR,SPEARMANRHO,KENDALLTAU
value,1.9225538921742118,2.1019146661765418,-0.07697410879569618,-0.04242424242424241,-0.022222222222222223
95CI_LOW,1.4166330913045813,1.6725696788015778,-0.8436547204431684,-0.786147186147186,-0.605420054200542
95CI_HIGH,2.4737650967809177,2.6072853056584595,0.5439283434299215,0.64600648820394,0.5555555555555556
