,MAE,RMSE,PEARSONR,SPEARMANRHO,KENDALLTAU
value,1.3094271566781501,1.5540770952011675,-0.09715465609913841,0.07878787878787878,0.022222222222222223
95CI_LOW,0.763775333196576,1.0383306923340703,-0.722005100491241,-0.476472830412896,-0.4427350427350427
95CI_HIGH,1.8103952509181638,2.1309874970639133,0.4171873366253579,0.7915626856803326,0.5444444444444444
