,MAE,RMSE,PEARSONR,SPEARMANRHO,KENDALLTAU
value,1.3094271566781501,1.5540770952011675,-0.09715465609913841,0.07878787878787878,0.022222222222222223
95CI_LOW,0.7641633665043794,1.0437245326273823,-0.7297073764458147,-0.47205387205387195,-0.4292397660818714
95CI_HIGH,1.7873905703192543,2.130125301133653,0.40115111838698503,0.8053744997141224,0.557957957957958
