,MAE,RMSE,PEARSONR,SPEARMANRHO,KENDALLTAU
value,1.3094271566781501,1.5540770952011675,-0.09715465609913841,0.07878787878787878,0.022222222222222223
95CI_LOW,0.7684869814267083,1.0210242981691153,-0.734764701110278,-0.477644368210406,-0.41897018970189703
95CI_HIGH,1.8018874812877819,2.1189246014612184,0.4073700508656156,0.8132259874656634,0.5682539682539682
