,MAE,RMSE,PEARSONR,SPEARMANRHO,KENDALLTAU
value,1.3094271566781501,1.5540770952011675,-0.09715465609913841,0.07878787878787878,0.022222222222222223
95CI_LOW,0.7667468533196078,1.0377816961066428,-0.7277413333068524,-0.4674242424242424,-0.4292397660818714
95CI_HIGH,1.8034356566990928,2.1349233672757215,0.4066616032259601,0.8069588744588744,0.5567054859737783
