,MAE,RMSE,PEARSONR,SPEARMANRHO,KENDALLTAU
value,1.3094271566781501,1.5540770952011675,-0.09715465609913841,0.07878787878787878,0.022222222222222223
95CI_LOW,0.7572188289373512,1.0261211854746248,-0.7272717095715392,-0.4690909090909091,-0.4292397660818714
95CI_HIGH,1.8036803147917748,2.1207552017977442,0.38949621962269154,0.8136267129897705,0.5566395663956639
