,MAE,RMSE,PEARSONR,SPEARMANRHO,KENDALLTAU
value,1.3094271566781501,1.5540770952011675,-0.09715465609913844,0.07878787878787878,0.022222222222222223
95CI_LOW,0.7721394011169105,1.0317159389054114,-0.7231137739554645,-0.476472830412896,-0.43174603174603166
95CI_HIGH,1.7943246005458082,2.121046200210745,0.4083628432404931,0.8179531160663237,0.5707602339181287
