,MAE,RMSE,PEARSONR,SPEARMANRHO,KENDALLTAU
value,1.3094271566781501,1.5540770952011675,-0.09715465609913841,0.07878787878787878,0.022222222222222223
95CI_LOW,0.7769372640562819,1.0403026755856626,-0.729864609893206,-0.4674242424242424,-0.4292397660818714
95CI_HIGH,1.7965615636983763,2.1210831002177373,0.40243968027092614,0.8008878594865857,0.5566395663956639
