,MAE,RMSE,PEARSONR,SPEARMANRHO,KENDALLTAU
value,1.3094271566781501,1.5540770952011675,-0.09715465609913841,0.07878787878787878,0.022222222222222223
95CI_LOW,0.7580283425727714,1.036029974608383,-0.7148677968263039,-0.4634255989416908,-0.4292397660818714
95CI_HIGH,1.8000721319888562,2.1118122026694697,0.41030098895392664,0.8114456531123196,0.5444444444444444
