,MAE,RMSE,PEARSONR,SPEARMANRHO,KENDALLTAU
value,1.3094271566781501,1.5540770952011675,-0.09715465609913841,0.07878787878787878,0.022222222222222223
95CI_LOW,0.7683857218622361,1.0344878529149901,-0.7204993492265238,-0.4750902202077607,-0.4292397660818714
95CI_HIGH,1.796979817168352,2.13104055734909,0.4078310235860326,0.8136267129897705,0.5707602339181287
