,MAE,RMSE,PEARSONR,SPEARMANRHO,KENDALLTAU
value,1.3094271566781501,1.5540770952011675,-0.09715465609913841,0.07878787878787878,0.022222222222222223
95CI_LOW,0.7657064529531532,1.0320061081232241,-0.7278251377311681,-0.476472830412896,-0.4292397660818714
95CI_HIGH,1.8145561258184402,2.119772006196296,0.4096520018943419,0.8179531160663237,0.5444444444444444
