,MAE,RMSE,PEARSONR,SPEARMANRHO,KENDALLTAU
value,1.3094271566781501,1.5540770952011675,-0.09715465609913841,0.07878787878787878,0.022222222222222223
95CI_LOW,0.7739130334191353,1.0355391175423114,-0.7139088108089174,-0.4603795758113245,-0.43174603174603166
95CI_HIGH,1.8091778085203027,2.1248579976957593,0.41814890371938895,0.8179531160663237,0.5444444444444444
