,MAE,RMSE,PEARSONR,SPEARMANRHO,KENDALLTAU
value,1.3094271566781501,1.5540770952011675,-0.09715465609913841,0.07878787878787878,0.022222222222222223
95CI_LOW,0.7697143840747496,1.0222655497459896,-0.7340258661897989,-0.4825230078563397,-0.43174603174603166
95CI_HIGH,1.7934514729838247,2.122770078892124,0.4207294699418508,0.8046715770356169,0.5682539682539682
