,MAE,RMSE,PEARSONR,SPEARMANRHO,KENDALLTAU
value,1.3094271566781501,1.5540770952011675,-0.09715465609913841,0.07878787878787878,0.022222222222222223
95CI_LOW,0.7743569657642275,1.035454807027091,-0.721080825762869,-0.477644368210406,-0.4292397660818714
95CI_HIGH,1.8009457760076815,2.123166281118116,0.41021808181208486,0.8046345811051694,0.557957957957958
