,MAE,RMSE,PEARSONR,SPEARMANRHO,KENDALLTAU
value,1.3094271566781501,1.5540770952011675,-0.09715465609913841,0.07878787878787878,0.022222222222222223
95CI_LOW,0.7699689310322309,1.0243152821013286,-0.7250652427964651,-0.4651025075553372,-0.41897018970189703
95CI_HIGH,1.8041866571929412,2.1280991786406145,0.4166905490292445,0.7927958833619212,0.5567054859737783
