,MAE,RMSE,PEARSONR,SPEARMANRHO,KENDALLTAU
value,1.3094271566781501,1.5540770952011675,-0.09715465609913841,0.07878787878787878,0.022222222222222223
95CI_LOW,0.772783343320183,1.01520811570927,-0.7239629825532217,-0.4733005812752632,-0.43174603174603166
95CI_HIGH,1.79456514054786,2.119046938886987,0.40350747719057933,0.8119621528010046,0.5707602339181287
