,MAE,RMSE,PEARSONR,SPEARMANRHO,KENDALLTAU
value,1.3094271566781501,1.5540770952011675,-0.09715465609913844,0.07878787878787878,0.022222222222222223
95CI_LOW,0.7613679111021943,1.039229354235784,-0.7273220537539224,-0.4659653679653656,-0.4292397660818714
95CI_HIGH,1.795136496465238,2.1239067497708572,0.40620822121708,0.8077680652680644,0.5450542005420027
