,MAE,RMSE,PEARSONR,SPEARMANRHO,KENDALLTAU
value,1.3094271566781501,1.5540770952011675,-0.09715465609913844,0.07878787878787878,0.022222222222222223
95CI_LOW,0.7634143984913564,1.0277997480806782,-0.7161241566615298,-0.46506575185820476,-0.43174603174603166
95CI_HIGH,1.8123475808221063,2.1180519981345274,0.40134600987251046,0.7802172670097199,0.5566395663956639
