,MAE,RMSE,PEARSONR,SPEARMANRHO,KENDALLTAU
value,1.3094271566781501,1.5540770952011675,-0.09715465609913841,0.07878787878787878,0.022222222222222223
95CI_LOW,0.7676449174560633,1.0286341638571161,-0.7216687154064706,-0.47878787878787865,-0.41897018970189703
95CI_HIGH,1.800319065675252,2.115939404760256,0.41927723987919385,0.8118967452300785,0.557957957957958
