,MAE,RMSE,PEARSONR,SPEARMANRHO,KENDALLTAU
value,1.3094271566781501,1.5540770952011675,-0.09715465609913841,0.07878787878787878,0.022222222222222223
95CI_LOW,0.7695294812212647,1.0314615406425962,-0.7198287887136836,-0.4674242424242424,-0.43174603174603166
95CI_HIGH,1.7966789385016435,2.1289592230543413,0.4204053009167834,0.8053744997141224,0.5707602339181287
