,MAE,RMSE,PEARSONR,SPEARMANRHO,KENDALLTAU
value,1.3094271566781501,1.5540770952011675,-0.09715465609913841,0.07878787878787878,0.022222222222222223
95CI_LOW,0.7732792053867075,1.0358179139257766,-0.7240714850863029,-0.46506575185820476,-0.43174603174603166
95CI_HIGH,1.7982555230304333,2.1282158028339615,0.41602402251997794,0.7927958833619212,0.557957957957958
