,MAE,RMSE,PEARSONR,SPEARMANRHO,KENDALLTAU
value,1.1683604361399627,1.4561830826478352,0.20327879038284322,0.2602229755835909,0.1723432659910053
95CI_LOW,1.0985408234914147,1.3783472019651146,0.1346225123183657,0.19047932411766488,0.12462483062187282
95CI_HIGH,1.235520956577246,1.5355201284726117,0.27198728508244385,0.3335115784162578,0.22185464117016057
