,MAE,RMSE,PEARSONR,SPEARMANRHO,KENDALLTAU
value,1.1628006436669789,1.4467133536756278,0.1958224467038464,0.25296503806367193,0.16794763888618314
95CI_LOW,1.097363640908191,1.3684625836343927,0.1280872644882221,0.18468011989785482,0.12159997043972814
95CI_HIGH,1.228717935388376,1.5249384927718204,0.2627154211072248,0.3234224141393476,0.21666685775418215
