,MAE,RMSE,PEARSONR,SPEARMANRHO,KENDALLTAU
value,1.1628006436669789,1.4467133536756278,0.1958224467038464,0.25296503806367193,0.16794763888618314
95CI_LOW,1.0953620047197252,1.3712456083361526,0.12844573998737413,0.183453463134983,0.12142151470875912
95CI_HIGH,1.22937747941711,1.523988698908462,0.2643359890684839,0.32346786975860814,0.2152089911271079
