,MAE,RMSE,PEARSONR,SPEARMANRHO,KENDALLTAU
value,1.1683604361399627,1.4561830826478352,0.20327879038284322,0.2602229755835909,0.1723432659910053
95CI_LOW,1.0999689952940515,1.3806776698319847,0.13309934481244046,0.19010227706864913,0.12510613130859624
95CI_HIGH,1.2354004801601937,1.5337549146586686,0.27403675162048724,0.3340291193301911,0.22086367759701986
