,MAE,RMSE,PEARSONR,SPEARMANRHO,KENDALLTAU
value,1.1628687551220873,1.4468298143095748,0.1958273781114682,0.25296503806367193,0.16794763888618314
95CI_LOW,1.095860098506349,1.3711110993005076,0.12802355569047602,0.1815314431188731,0.12263741515110632
95CI_HIGH,1.227789888055258,1.5248437571976647,0.2639884829466913,0.32591881003764106,0.21611387914666486
