,MAE,RMSE,PEARSONR,SPEARMANRHO,KENDALLTAU
value,1.1683604361399627,1.4561830826478352,0.20327879038284322,0.2602229755835909,0.1723432659910053
95CI_LOW,1.0997743958590889,1.378284460491967,0.13509560059920883,0.19040532984245329,0.12410000705001711
95CI_HIGH,1.235006163447637,1.535980234638061,0.2705092379804037,0.3341638722075281,0.2206667751150404
