,MAE,RMSE,PEARSONR,SPEARMANRHO,KENDALLTAU
value,1.1628687551220873,1.4468298143095748,0.1958273781114682,0.25296503806367193,0.16794763888618314
95CI_LOW,1.095371770008282,1.3710545747695237,0.1287115286015077,0.18352545291879774,0.12101408011885811
95CI_HIGH,1.22762154483869,1.52411289357695,0.26329597607315036,0.3256185766144084,0.2158434557486867
