,MAE,RMSE,PEARSONR,SPEARMANRHO,KENDALLTAU
value,1.1628006436669789,1.4467133536756278,0.1958224467038464,0.25296503806367193,0.16794763888618314
95CI_LOW,1.0958574235988474,1.3691577065200287,0.12834882277870296,0.1823349566182395,0.12163622230110771
95CI_HIGH,1.2273234146905019,1.5227440788987272,0.26243269053515306,0.32391420298298995,0.2156092247887827
