,MAE,RMSE,PEARSONR,SPEARMANRHO,KENDALLTAU
value,1.1683604361399627,1.4561830826478352,0.20327879038284322,0.2602229755835909,0.1723432659910053
95CI_LOW,1.0999158818345804,1.3771384640375015,0.13579780754036258,0.19114238565165492,0.124713834640541
95CI_HIGH,1.2353350356317483,1.533992102550192,0.27247036013353043,0.3313539572616845,0.22096075095546674
