,MAE,RMSE,PEARSONR,SPEARMANRHO,KENDALLTAU
value,1.1628006436669789,1.4467133536756278,0.1958224467038464,0.25296503806367193,0.16794763888618314
95CI_LOW,1.0972697374921094,1.3702637700401004,0.12811566796088292,0.18537235163330207,0.12058565532747526
95CI_HIGH,1.2280968888892474,1.5227640529959965,0.2647015636774076,0.3232035960617162,0.21537680171406381
