,MAE,RMSE,PEARSONR,SPEARMANRHO,KENDALLTAU
value,1.1683604361399627,1.4561830826478352,0.20327879038284322,0.2602229755835909,0.1723432659910053
95CI_LOW,1.1007176033351667,1.379331517943802,0.13622022336200001,0.18987748636132362,0.12509702523806285
95CI_HIGH,1.235914912161002,1.5369090719570815,0.27048315383989785,0.3318258827786035,0.2204339449616843
