,MAE,RMSE,PEARSONR,SPEARMANRHO,KENDALLTAU
value,1.1683604361399627,1.4561830826478352,0.20327879038284322,0.2602229755835909,0.1723432659910053
95CI_LOW,1.0994414983628653,1.376703096579448,0.1349594380952684,0.18970311380840615,0.12508052147447976
95CI_HIGH,1.2358259231255606,1.537054635172011,0.2710351961717835,0.33191184090999865,0.21992634199800432
