,MAE,RMSE,PEARSONR,SPEARMANRHO,KENDALLTAU
value,1.1683604361399627,1.4561830826478352,0.20327879038284322,0.2602229755835909,0.1723432659910053
95CI_LOW,1.0981576118930794,1.37893059983584,0.13352985219819918,0.19159475855210573,0.12461797339021655
95CI_HIGH,1.2347461691373436,1.5365286917135754,0.27176795980317425,0.3327077450301943,0.22040639392880496
