,MAE,RMSE,PEARSONR,SPEARMANRHO,KENDALLTAU
value,1.1628006436669789,1.4467133536756278,0.1958224467038464,0.25296503806367193,0.16794763888618314
95CI_LOW,1.096726208877268,1.3703600280166648,0.12840595370104002,0.18435489339652789,0.12110805733951419
95CI_HIGH,1.2294168220196713,1.5243474058880502,0.26411721701487745,0.3240328472308456,0.2155748435703071
