,MAE,RMSE,PEARSONR,SPEARMANRHO,KENDALLTAU
value,1.1628687551220873,1.4468298143095748,0.1958273781114682,0.25296503806367193,0.16794763888618314
95CI_LOW,1.0947038300273588,1.3704911639859394,0.12756322594233693,0.18595737130249035,0.12101332464638176
95CI_HIGH,1.229332432247168,1.5225970647565437,0.2645493059179014,0.3237717674517999,0.21632085726780842
