,MAE,RMSE,PEARSONR,SPEARMANRHO,KENDALLTAU
value,1.1628006436669789,1.4467133536756278,0.1958224467038464,0.25296503806367193,0.16794763888618314
95CI_LOW,1.0956998332354306,1.3715323306920355,0.12698863009470718,0.18520180898775812,0.12087551907007132
95CI_HIGH,1.2296349072667465,1.5236268665212553,0.2623638910669933,0.3243406021004325,0.21425640106847302
