,MAE,RMSE,PEARSONR,SPEARMANRHO,KENDALLTAU
value,1.1628006436669789,1.4467133536756278,0.1958224467038464,0.25296503806367193,0.16794763888618314
95CI_LOW,1.0956206782212565,1.3694559710397471,0.1285767236252332,0.18466494564116942,0.12099273833205024
95CI_HIGH,1.2270366465757503,1.5254551635590603,0.26517826382117177,0.32511126987163375,0.21491293571477654
