,MAE,RMSE,PEARSONR,SPEARMANRHO,KENDALLTAU
value,1.1683604361399627,1.4561830826478352,0.20327879038284322,0.2602229755835909,0.1723432659910053
95CI_LOW,1.1003597628463537,1.3790608984143744,0.135025398299231,0.18954839554776565,0.12473173942587254
95CI_HIGH,1.2370870883281417,1.5348125173238174,0.272355732612905,0.33199064701572734,0.22019578546274066
