,MAE,RMSE,PEARSONR,SPEARMANRHO,KENDALLTAU
value,1.1683604361399627,1.4561830826478352,0.20327879038284322,0.2602229755835909,0.1723432659910053
95CI_LOW,1.0988590887198082,1.3781875135027957,0.13412243015269143,0.1909982690238594,0.12428996516479318
95CI_HIGH,1.2353300923280228,1.5368430156977997,0.2721064484858914,0.32998729014117145,0.22013531660836444
