,MAE,RMSE,PEARSONR,SPEARMANRHO,KENDALLTAU
value,1.1683604361399627,1.4561830826478352,0.20327879038284322,0.2602229755835909,0.1723432659910053
95CI_LOW,1.0987153751154743,1.3772556401430625,0.13522181944980138,0.19018379304875616,0.12441525117470839
95CI_HIGH,1.2357176651936315,1.53540914784517,0.2721705527673819,0.3339810139995867,0.22031022094097227
