,MAE,RMSE,PEARSONR,SPEARMANRHO,KENDALLTAU
value,1.1628006436669789,1.4467133536756278,0.1958224467038464,0.25296503806367193,0.16794763888618314
95CI_LOW,1.0952999369275829,1.3709595351103125,0.12833982596999888,0.18323478628931517,0.12029739450433172
95CI_HIGH,1.2285266295772586,1.524082070696458,0.26405969377194327,0.32514642606826616,0.2148727493561211
