,MAE,RMSE,PEARSONR,SPEARMANRHO,KENDALLTAU
value,0.6212145652770995,0.8088564554906854,0.7906040514993463,0.8424242424242423,0.6888888888888888
95CI_LOW,0.288753569316864,0.4966621308257282,0.6239674458680188,0.6848484848484846,0.37777777777777766
95CI_HIGH,0.920083328723907,1.1947678811485491,1.0815358345942845,1.233868092691622,1.0264264264264262
