,MAE,RMSE,PEARSONR,SPEARMANRHO,KENDALLTAU
value,0.6212145652770995,0.8088564554906854,0.7906040514993463,0.8424242424242423,0.6888888888888888
95CI_LOW,0.2819285984039306,0.4980657600194818,0.6228644340327838,0.6848484848484846,0.37777777777777766
95CI_HIGH,0.9160338298797606,1.1928086246785214,1.0867666736635424,1.250886220697541,1.0264264264264262
