,MAE,RMSE,PEARSONR,SPEARMANRHO,KENDALLTAU
value,0.6212145652770995,0.8088564554906854,0.7906040514993463,0.8424242424242423,0.6888888888888888
95CI_LOW,0.27682831153869647,0.49322674861339544,0.6242158397616745,0.6848484848484847,0.37777777777777766
95CI_HIGH,0.9210551030158994,1.202063095501815,1.084378729314807,1.2448484848484846,1.0264264264264262
