,MAE,RMSE,PEARSONR,SPEARMANRHO,KENDALLTAU
value,0.6212145652770995,0.8088564554906854,0.7906040514993463,0.8424242424242423,0.6888888888888888
95CI_LOW,0.27873537511825563,0.49025965775411806,0.6249973834320671,0.6848484848484846,0.37777777777777766
95CI_HIGH,0.9218353377342222,1.1959350609032156,1.0875683016805449,1.2326191854854271,1.0277777777777777
