,MAE,RMSE,PEARSONR,SPEARMANRHO,KENDALLTAU
value,0.6212145652770995,0.8088564554906854,0.7906040514993463,0.8424242424242423,0.6888888888888888
95CI_LOW,0.2773988985061647,0.4916366791671507,0.6245019324883206,0.6848484848484846,0.37777777777777755
95CI_HIGH,0.9247136684417725,1.1928302359714749,1.0871774255074087,1.2475253716409367,1.0264264264264262
