,MAE,RMSE,PEARSONR,SPEARMANRHO,KENDALLTAU
value,0.6212145652770995,0.8088564554906854,0.7906040514993463,0.8424242424242423,0.6888888888888888
95CI_LOW,0.28164914875030544,0.4993351666210071,0.6221497379116854,0.6848484848484846,0.37777777777777766
95CI_HIGH,0.924519864940643,1.1958647247631098,1.0832617952654926,1.250886220697541,1.0277777777777777
