,MAE,RMSE,PEARSONR,SPEARMANRHO,KENDALLTAU
value,0.6212145652770995,0.8088564554906854,0.7906040514993463,0.8424242424242423,0.6888888888888888
95CI_LOW,0.28428513574600234,0.49980804952613944,0.623602340477451,0.6848484848484846,0.37777777777777755
95CI_HIGH,0.9249710378646847,1.2039985787878167,1.084373348195987,1.2448484848484846,1.0277777777777777
