,MAE,RMSE,PEARSONR,SPEARMANRHO,KENDALLTAU
value,0.6212145652770995,0.8088564554906854,0.7906040514993463,0.8424242424242423,0.6888888888888888
95CI_LOW,0.28053038873672553,0.49226195964977393,0.6232205924387706,0.6848484848484846,0.37777777777777755
95CI_HIGH,0.9199599102020259,1.1883463590717116,1.090724797651366,1.2433679653679648,1.0264264264264262
