,MAE,RMSE,PEARSONR,SPEARMANRHO,KENDALLTAU
value,0.6212145652770995,0.8088564554906854,0.7906040514993463,0.8424242424242423,0.6888888888888888
95CI_LOW,0.284366381835938,0.5010390893529346,0.624421716729842,0.6848484848484846,0.37777777777777755
95CI_HIGH,0.9206291731834408,1.186042297708632,1.0906264803501533,1.2432900432900431,1.0264264264264262
