,MAE,RMSE,PEARSONR,SPEARMANRHO,KENDALLTAU
value,0.6212145652770995,0.8088564554906854,0.7906040514993463,0.8424242424242423,0.6888888888888888
95CI_LOW,0.2833300533294677,0.491997566682006,0.6226848106828092,0.6848484848484846,0.37777777777777766
95CI_HIGH,0.9165364265441892,1.1873025916506323,1.0845104052505354,1.254389100155719,1.0277777777777777
