,MAE,RMSE,PEARSONR,SPEARMANRHO,KENDALLTAU
value,0.6212145652770995,0.8088564554906854,0.7906040514993463,0.8424242424242423,0.6888888888888888
95CI_LOW,0.2855620540618897,0.49287522244745086,0.6233751115132335,0.6848484848484846,0.37777777777777766
95CI_HIGH,0.9201197435379025,1.1978056404430668,1.0851788188197375,1.2397598285784566,1.0277777777777777
