,MAE,RMSE,PEARSONR,SPEARMANRHO,KENDALLTAU
value,0.6212145652770995,0.8088564554906854,0.7906040514993463,0.8424242424242423,0.6888888888888888
95CI_LOW,0.285556255054474,0.5012686775306683,0.6224812329964903,0.6848484848484846,0.37777777777777755
95CI_HIGH,0.9240552519798276,1.1985968381987075,1.0943359295630568,1.233868092691622,1.0277777777777777
