,MAE,RMSE,PEARSONR,SPEARMANRHO,KENDALLTAU
value,0.6212145652770995,0.8088564554906854,0.7906040514993463,0.8424242424242423,0.6888888888888888
95CI_LOW,0.2875896745681764,0.5001652595165551,0.6247803688978061,0.6848484848484846,0.37777777777777766
95CI_HIGH,0.916067294883728,1.1967375223495011,1.0821964813540146,1.2257817370294541,1.0277777777777777
