,MAE,RMSE,PEARSONR,SPEARMANRHO,KENDALLTAU
value,0.6212145652770995,0.8088564554906854,0.7906040514993463,0.8424242424242423,0.6888888888888888
95CI_LOW,0.2831234169006349,0.5014797843081735,0.6240025993751003,0.6848484848484846,0.37777777777777766
95CI_HIGH,0.9160972514152524,1.1917836497737184,1.0755526329416594,1.233868092691622,1.011924119241192
