,MAE,RMSE,PEARSONR,SPEARMANRHO,KENDALLTAU
value,0.6212145652770995,0.8088564554906854,0.7906040514993463,0.8424242424242423,0.6888888888888888
95CI_LOW,0.28204403018951474,0.4921490167744127,0.6239869334705744,0.6848484848484846,0.37777777777777766
95CI_HIGH,0.9237346067428587,1.194811162941563,1.0896304581507787,1.233868092691622,1.0264264264264262
