,MAE,RMSE,PEARSONR,SPEARMANRHO,KENDALLTAU
value,0.6212145652770995,0.8088564554906854,0.7906040514993463,0.8424242424242423,0.6888888888888888
95CI_LOW,0.2887602357864385,0.49881655131046654,0.6256215269306111,0.6848484848484846,0.37777777777777755
95CI_HIGH,0.9160836722373961,1.1983233535133393,1.086609957841911,1.233868092691622,1.0277777777777777
