,MAE,RMSE,PEARSONR,SPEARMANRHO,KENDALLTAU
value,0.6212145652770995,0.8088564554906854,0.7906040514993463,0.8424242424242423,0.6888888888888888
95CI_LOW,0.28467897720336954,0.4955796501767771,0.624487384542229,0.6848484848484846,0.37777777777777755
95CI_HIGH,0.9179052078247067,1.188677587849644,1.0869080403711573,1.241247383962615,1.0264264264264262
