,MAE,RMSE,PEARSONR,SPEARMANRHO,KENDALLTAU
value,0.6212145652770995,0.8088564554906854,0.7906040514993463,0.8424242424242423,0.6888888888888888
95CI_LOW,0.28708102502822874,0.4902691835480595,0.6236130292231445,0.6848484848484846,0.37777777777777755
95CI_HIGH,0.9180891936302182,1.2010782722629396,1.0800201845083905,1.233868092691622,1.0264264264264262
