,MAE,RMSE,PEARSONR,SPEARMANRHO,KENDALLTAU
value,1.3443979515155275,1.6756109015256517,0.44040912990189907,0.44116509613302934,0.30031084986518175
95CI_LOW,1.268819167497581,1.5983075303337244,0.3831338569281526,0.3806051965303796,0.257528692843792
95CI_HIGH,1.4196654731055487,1.755361976806905,0.5008591534250922,0.5054471789034193,0.34452207488514525
