,MAE,RMSE,PEARSONR,SPEARMANRHO,KENDALLTAU
value,2.545211066842079,2.68904183306923,0.4614999535903712,0.4147058823529412,0.31666666666666665
95CI_LOW,2.1267763304769995,2.3335237813150744,0.15212765360089264,0.013146704464918613,-0.051851851851851816
95CI_HIGH,2.972933143210411,3.096712551146497,0.9818268648220698,0.9822282725904689,0.7424242424242424
