,MAE,RMSE,PEARSONR,SPEARMANRHO,KENDALLTAU
value,2.545211066842079,2.68904183306923,0.4614999535903712,0.4147058823529412,0.31666666666666665
95CI_LOW,2.1341900300204752,2.3341850294320614,0.1498977327024652,0.02467082084673977,-0.04808259587020647
95CI_HIGH,2.9895498265027998,3.10706290229702,0.9671117580722062,0.9731676264763173,0.7324324324324324
