,MAE,RMSE,PEARSONR,SPEARMANRHO,KENDALLTAU
value,1.3443979515155275,1.6756109015256517,0.44040912990189907,0.44116509613302934,0.30031084986518175
95CI_LOW,1.2682502271679228,1.5962041794258959,0.3806781246516603,0.3813869190074872,0.25688641386560707
95CI_HIGH,1.419247654631454,1.754641415377444,0.5006624912046069,0.5052690970256248,0.34443242280637454
