,MAE,RMSE,PEARSONR,SPEARMANRHO,KENDALLTAU
value,2.545211066842079,2.68904183306923,0.461499953590371,0.4147058823529412,0.31666666666666665
95CI_LOW,2.1364719118118285,2.331898803415663,0.1472083604882961,0.023441615452150844,-0.04808259587020647
95CI_HIGH,2.985929346734285,3.090551160529904,0.9582644101349373,0.9697323838324716,0.7307661643944826
