,MAE,RMSE,PEARSONR,SPEARMANRHO,KENDALLTAU
value,2.545211066842079,2.68904183306923,0.4614999535903712,0.4147058823529412,0.31666666666666665
95CI_LOW,2.1334757727086546,2.3281500707100102,0.15230514728845002,0.020602850249333726,-0.051851851851851816
95CI_HIGH,2.991452203023434,3.0987556436717494,0.9724400516713118,0.9769999415563542,0.7483775811209439
