,MAE,RMSE,PEARSONR,SPEARMANRHO,KENDALLTAU
value,2.545211066842079,2.68904183306923,0.4614999535903712,0.4147058823529412,0.31666666666666665
95CI_LOW,2.1353853791892528,2.32587112880261,0.15883612683410864,0.015597950892068502,-0.051851851851851816
95CI_HIGH,2.9766176936447617,3.102559214023372,0.9808937814278532,0.9693122441284205,0.7404761904761904
