,MAE,RMSE,PEARSONR,SPEARMANRHO,KENDALLTAU
value,2.545211066842079,2.68904183306923,0.4614999535903712,0.4147058823529412,0.31666666666666665
95CI_LOW,2.1327793471693997,2.3361989121839333,0.1436717011428159,0.017191198386955486,-0.04523809523809519
95CI_HIGH,2.9709373183012007,3.1038869712763244,0.9738709766441602,0.9604091192032367,0.7385964912280701
