,MAE,RMSE,PEARSONR,SPEARMANRHO,KENDALLTAU
value,2.545211066842079,2.68904183306923,0.4614999535903712,0.4147058823529412,0.31666666666666665
95CI_LOW,2.1355579815745354,2.330470533120544,0.1457713930553577,0.0196049296390175,-0.039873527373525675
95CI_HIGH,2.9807097736299037,3.1045576860952484,0.9695350490904407,0.9830319532225059,0.7226190476190476
