,MAE,RMSE,PEARSONR,SPEARMANRHO,KENDALLTAU
value,2.545211066842079,2.68904183306923,0.4614999535903712,0.4147058823529412,0.31666666666666665
95CI_LOW,2.140683455580473,2.340128419182845,0.15686047017557503,0.014431473284650997,-0.042368082368082094
95CI_HIGH,2.9788966569125646,3.0909885451210823,0.9554544541192695,0.9811974789915967,0.7324324324324324
