,MAE,RMSE,PEARSONR,SPEARMANRHO,KENDALLTAU
value,2.545211066842079,2.68904183306923,0.4614999535903712,0.4147058823529412,0.31666666666666665
95CI_LOW,2.1173739565134047,2.3346050392421107,0.1508263932993107,0.0258403361344538,-0.04523809523809519
95CI_HIGH,2.9847595688164232,3.108336120994667,0.9730498199114239,0.9961161387631975,0.7324324324324324
