,MAE,RMSE,PEARSONR,SPEARMANRHO,KENDALLTAU
value,2.545211066842079,2.68904183306923,0.4614999535903712,0.4147058823529412,0.31666666666666665
95CI_LOW,2.131178186267614,2.3305220322067934,0.1563240337787597,0.018020421831094202,-0.05757575757575761
95CI_HIGH,2.9809136973917485,3.1053207882875746,0.9604290265331559,0.9864643836598995,0.7385964912280701
