,MAE,RMSE,PEARSONR,SPEARMANRHO,KENDALLTAU
value,2.545211066842079,2.68904183306923,0.4614999535903712,0.4147058823529412,0.31666666666666665
95CI_LOW,2.1385579344928263,2.3238639477070397,0.15045268905599551,0.022576697841097837,-0.042342342342342465
95CI_HIGH,2.9864592260956764,3.09263843224491,0.9700460712389949,0.9775171852327584,0.7424242424242424
