,MAE,RMSE,PEARSONR,SPEARMANRHO,KENDALLTAU
value,2.545211066842079,2.68904183306923,0.4614999535903712,0.4147058823529412,0.31666666666666665
95CI_LOW,2.133070878833533,2.3346942385653113,0.14975234596625897,0.012833610418698238,-0.046020481994766604
95CI_HIGH,2.974894696861505,3.0890614186945715,0.9832244089847901,0.9817674605540051,0.7385964912280701
