,MAE,RMSE,PEARSONR,SPEARMANRHO,KENDALLTAU
value,2.545211066842079,2.68904183306923,0.461499953590371,0.4147058823529412,0.31666666666666665
95CI_LOW,2.132607291799784,2.3289337473346605,0.14575472430993575,0.01827501964557743,-0.04808259587020647
95CI_HIGH,2.9751347265958783,3.107231737103899,0.9593392727257392,0.9667457534448224,0.7343450798822483
