,MAE,RMSE,PEARSONR,SPEARMANRHO,KENDALLTAU
value,2.545211066842079,2.68904183306923,0.4614999535903712,0.4147058823529412,0.31666666666666665
95CI_LOW,2.1310510881543157,2.3352401708290276,0.15394086535835305,0.02429972491739374,-0.04523809523809519
95CI_HIGH,2.9837421513199804,3.096078260254418,0.9666787591973411,0.9800733395767943,0.7342507645259938
