,MAE,RMSE,PEARSONR,SPEARMANRHO,KENDALLTAU
value,2.545211066842079,2.68904183306923,0.4614999535903712,0.4147058823529412,0.31666666666666665
95CI_LOW,2.132003844064474,2.3278719118413433,0.14492427710314704,0.025236169535202913,-0.04808259587020647
95CI_HIGH,2.980992342239618,3.0961981909754765,0.9551731167248403,0.9871888811079986,0.7343450798822483
