,MAE,RMSE,PEARSONR,SPEARMANRHO,KENDALLTAU
value,1.3443979515155275,1.6756109015256517,0.44040912990189907,0.44116509613302934,0.30031084986518175
95CI_LOW,1.2687929798788538,1.596991947522734,0.3824719120476747,0.37981119544891206,0.25662200695350706
95CI_HIGH,1.4209311787588232,1.7555981214819727,0.4992175420844858,0.5039698533817063,0.34564777718874723
