,MAE,RMSE,PEARSONR,SPEARMANRHO,KENDALLTAU
value,2.545211066842079,2.68904183306923,0.4614999535903712,0.4147058823529412,0.31666666666666665
95CI_LOW,2.1256864362299446,2.337016646327186,0.15530616003384035,0.01661927260928686,-0.04890965732087216
95CI_HIGH,2.980701615285873,3.0966372955112873,0.962106324848479,0.9790413943355121,0.7362052180685354
