,MAE,RMSE,PEARSONR,SPEARMANRHO,KENDALLTAU
value,2.545211066842079,2.68904183306923,0.4614999535903712,0.4147058823529412,0.31666666666666665
95CI_LOW,2.133817291355133,2.3328705233003277,0.147521730325892,0.013854811039859416,-0.04890965732087216
95CI_HIGH,2.97936862924695,3.10040153720124,0.9575071951925318,0.9901354489164087,0.7483775811209439
