,MAE,RMSE,PEARSONR,SPEARMANRHO,KENDALLTAU
value,2.545211066842079,2.68904183306923,0.4614999535903712,0.4147058823529412,0.31666666666666665
95CI_LOW,2.127376683294773,2.3356930962437903,0.15580544787894168,0.015590967164154645,-0.04808259587020647
95CI_HIGH,2.969651550871134,3.100682760763357,0.9624924879509793,0.9731368211144454,0.7404761904761904
