,MAE,RMSE,PEARSONR,SPEARMANRHO,KENDALLTAU
value,2.545211066842079,2.68904183306923,0.4614999535903712,0.4147058823529412,0.31666666666666665
95CI_LOW,2.1417147530317306,2.3326170556431287,0.15021595025053092,0.022849773267405227,-0.042368082368082094
95CI_HIGH,2.974293295025825,3.0997796953114802,0.9646542124097406,0.9864018084812399,0.7445410628019319
