,MAE,RMSE,PEARSONR,SPEARMANRHO,KENDALLTAU
value,2.545211066842079,2.68904183306923,0.4614999535903712,0.4147058823529412,0.31666666666666665
95CI_LOW,2.139807482600212,2.336076077041697,0.1501587624737547,0.024226017478875317,-0.05087719298245619
95CI_HIGH,2.984817610132694,3.090740023151757,0.9803702506616256,0.9800508194411437,0.7404761904761904
