,MAE,RMSE,PEARSONR,SPEARMANRHO,KENDALLTAU
value,2.545211066842079,2.68904183306923,0.4614999535903712,0.4147058823529412,0.31666666666666665
95CI_LOW,2.1312626934468746,2.336827995432501,0.15040604988113004,0.020313404050144812,-0.046020481994766604
95CI_HIGH,2.9721219266474246,3.0976323056600754,0.967560847457029,0.9680061114650476,0.7483775811209439
