,MAE,RMSE,PEARSONR,SPEARMANRHO,KENDALLTAU
value,1.3443979515155275,1.6756109015256517,0.44040912990189907,0.44116509613302934,0.30031084986518175
95CI_LOW,1.2712048861574667,1.5957375097423119,0.38230290303215547,0.3811225243650771,0.2568480588342613
95CI_HIGH,1.4185876667834252,1.7561713673799038,0.5010587106138902,0.5050145828684495,0.34434689804721647
