,MAE,RMSE,PEARSONR,SPEARMANRHO,KENDALLTAU
value,2.545211066842079,2.68904183306923,0.461499953590371,0.4147058823529412,0.31666666666666665
95CI_LOW,2.12133099706769,2.334619897372335,0.15594270723642423,0.019164330524713447,-0.042342342342342465
95CI_HIGH,2.966263472908735,3.0928563426443643,0.9699447786825506,0.9752466644552559,0.7404761904761904
