,MAE,RMSE,PEARSONR,SPEARMANRHO,KENDALLTAU
value,1.3130461079524112,1.6422974336954965,0.4536291772423756,0.4512359156318974,0.3076620058736067
95CI_LOW,1.2338323582802062,1.5606543091135774,0.39454852314615896,0.3907518426558836,0.26241777791940313
95CI_HIGH,1.3886795698387497,1.7248900947384609,0.5154712649574933,0.5177996320382041,0.35370235885867873
