,MAE,RMSE,PEARSONR,SPEARMANRHO,KENDALLTAU
value,1.3109614059755308,1.638044977001639,0.4569216958149924,0.455351599692279,0.3109636320480529
95CI_LOW,1.2343719773604038,1.557046485270087,0.3989322520030335,0.3942777154714058,0.2676792477609881
95CI_HIGH,1.3855666078675273,1.7192158022497261,0.517811987808896,0.5194291464398535,0.35526026544904243
