,MAE,RMSE,PEARSONR,SPEARMANRHO,KENDALLTAU
value,1.3130461079524112,1.6422974336954965,0.4536291772423756,0.4512359156318974,0.3076620058736067
95CI_LOW,1.2346772841557476,1.5625334323053914,0.3945422939508454,0.390075077224458,0.26305983702706837
95CI_HIGH,1.3904188698683024,1.724363123329859,0.516522077658274,0.5174144669691381,0.3538432802751187
