,MAE,RMSE,PEARSONR,SPEARMANRHO,KENDALLTAU
value,1.3130461079524112,1.6422974336954965,0.4536291772423756,0.4512359156318974,0.3076620058736067
95CI_LOW,1.235773860718042,1.562545170619272,0.3940132109785428,0.389203091849912,0.262487807527059
95CI_HIGH,1.3885415949246818,1.7249687983872677,0.5162689819095865,0.5159668132361026,0.3526854392523527
