,MAE,RMSE,PEARSONR,SPEARMANRHO,KENDALLTAU
value,1.3130461079524112,1.6422974336954965,0.4536291772423756,0.4512359156318974,0.3076620058736067
95CI_LOW,1.2334687743342836,1.5600205462071584,0.3924762289649596,0.38878519770907005,0.26315246885510185
95CI_HIGH,1.391171610429195,1.723954244764419,0.5148114765221292,0.5171947208329951,0.3525956634627526
