,MAE,RMSE,PEARSONR,SPEARMANRHO,KENDALLTAU
value,1.3109614059755308,1.638044977001639,0.4569216958149924,0.455351599692279,0.3109636320480529
95CI_LOW,1.2347219654635382,1.5582223118208822,0.39694384318605946,0.39509478182462177,0.26691279432410125
95CI_HIGH,1.3861265605306479,1.7179571130873723,0.5191070586654515,0.5199778103078663,0.3560577786500424
