,MAE,RMSE,PEARSONR,SPEARMANRHO,KENDALLTAU
value,1.3130461079524112,1.6422974336954965,0.4536291772423756,0.4512359156318974,0.3076620058736067
95CI_LOW,1.2336550012641991,1.5604219045916474,0.3952699244277581,0.391005274703608,0.2634263536106799
95CI_HIGH,1.3897876367782933,1.7236435914141395,0.5157002956263975,0.5170583627533085,0.3535583004557626
