,MAE,RMSE,PEARSONR,SPEARMANRHO,KENDALLTAU
value,1.3109614059755308,1.638044977001639,0.4569216958149924,0.455351599692279,0.3109636320480529
95CI_LOW,1.2347321946591416,1.5580870505362092,0.3984605301212417,0.3947331510502492,0.26706728790943113
95CI_HIGH,1.3855505136255142,1.7181049322479025,0.5174644586468856,0.5203060936827602,0.3553938565312223
