,MAE,RMSE,PEARSONR,SPEARMANRHO,KENDALLTAU
value,1.311029517430639,1.6381875203526572,0.45687959236700015,0.455351599692279,0.3109636320480529
95CI_LOW,1.2353062249069982,1.5595232643237693,0.3990041150664586,0.3946561752556992,0.267472406135914
95CI_HIGH,1.3865939427129252,1.7185839448080236,0.5206102915403261,0.5188060638281342,0.3559772439469615
