,MAE,RMSE,PEARSONR,SPEARMANRHO,KENDALLTAU
value,1.3130461079524112,1.6422974336954965,0.4536291772423756,0.4512359156318974,0.3076620058736067
95CI_LOW,1.2342827628829538,1.5582995882897148,0.3936325954203169,0.3898259185980074,0.26242231752775885
95CI_HIGH,1.3904743358657907,1.7242218932971765,0.5179432916309414,0.5168030290394905,0.35348518219756614
