,MAE,RMSE,PEARSONR,SPEARMANRHO,KENDALLTAU
value,1.3130461079524112,1.6422974336954965,0.4536291772423756,0.4512359156318974,0.3076620058736067
95CI_LOW,1.2354749721559188,1.5613426981183391,0.39391358522223907,0.3898038437229536,0.26287687176609753
95CI_HIGH,1.3904688996137715,1.7264305764568155,0.5156123535018295,0.5174471296557257,0.35368048657550266
