,MAE,RMSE,PEARSONR,SPEARMANRHO,KENDALLTAU
value,1.3109614059755308,1.638044977001639,0.4569216958149924,0.455351599692279,0.3109636320480529
95CI_LOW,1.2337681664127316,1.5579634249035685,0.39774114678702543,0.3958120408132444,0.26722432618215564
95CI_HIGH,1.3849967956305287,1.7181807174271593,0.5180009662494204,0.5184550058609612,0.3566240010620471
