,MAE,RMSE,PEARSONR,SPEARMANRHO,KENDALLTAU
value,1.3130461079524112,1.6422974336954965,0.4536291772423756,0.4512359156318974,0.3076620058736067
95CI_LOW,1.232906142230064,1.561470560980124,0.39593878827807116,0.3895227434905587,0.261275282315629
95CI_HIGH,1.3897918226601218,1.723383436300239,0.5165973635759133,0.5154569225026453,0.35400012649686163
