,MAE,RMSE,PEARSONR,SPEARMANRHO,KENDALLTAU
value,1.3130461079524112,1.6422974336954965,0.4536291772423756,0.4512359156318974,0.3076620058736067
95CI_LOW,1.2352761850231733,1.5597193584838942,0.3949590604874289,0.3895682754412404,0.2620568329067534
95CI_HIGH,1.3890832483935045,1.7240636535725455,0.5161654007097668,0.5169371923342949,0.35273722181161693
