,MAE,RMSE,PEARSONR,SPEARMANRHO,KENDALLTAU
value,1.3109614059755308,1.638044977001639,0.4569216958149924,0.455351599692279,0.3109636320480529
95CI_LOW,1.2334835745951709,1.5600191140611537,0.3981430377752484,0.39605925191132085,0.26775822305597957
95CI_HIGH,1.3865562581090367,1.7191580141811598,0.5190328740050227,0.5190638045638225,0.3553581959325496
