,MAE,RMSE,PEARSONR,SPEARMANRHO,KENDALLTAU
value,1.3109614059755308,1.638044977001639,0.4569216958149924,0.455351599692279,0.3109636320480529
95CI_LOW,1.2347390217094598,1.558806666818474,0.3995923581572054,0.39420245004603693,0.26688237194645553
95CI_HIGH,1.385259527975413,1.718613121698808,0.5174766274452999,0.5204362213955647,0.3560514180269614
