,MAE,RMSE,PEARSONR,SPEARMANRHO,KENDALLTAU
value,1.311029517430639,1.6381875203526572,0.45687959236700015,0.455351599692279,0.3109636320480529
95CI_LOW,1.2369804326681897,1.5577275287395618,0.39910503656973384,0.395742589526474,0.2658393541191812
95CI_HIGH,1.3853845236711824,1.718672078055458,0.5174086308241029,0.5200698808618773,0.35561319209173053
