,MAE,RMSE,PEARSONR,SPEARMANRHO,KENDALLTAU
value,1.3109614059755308,1.638044977001639,0.4569216958149924,0.455351599692279,0.3109636320480529
95CI_LOW,1.2350036140229312,1.557700526790194,0.39880241340136713,0.3955682028423029,0.2672044009314099
95CI_HIGH,1.3858560873697416,1.7217977021364865,0.5179800032338713,0.5191470983822929,0.35565111680491857
