,MAE,RMSE,PEARSONR,SPEARMANRHO,KENDALLTAU
value,1.3130461079524112,1.6422974336954965,0.4536291772423756,0.4512359156318974,0.3076620058736067
95CI_LOW,1.2372294514886841,1.5603338535347178,0.39359132960695065,0.3887430899409753,0.26319948149702993
95CI_HIGH,1.389034557475646,1.7243387949820517,0.5164269804052226,0.5158769847390319,0.352426361178775
