,MAE,RMSE,PEARSONR,SPEARMANRHO,KENDALLTAU
value,1.3109614059755308,1.638044977001639,0.4569216958149924,0.455351599692279,0.3109636320480529
95CI_LOW,1.234995555646353,1.558369999860413,0.39842149024294626,0.3937677335854777,0.267323323493757
95CI_HIGH,1.386269372136674,1.71898045313873,0.5180064388755843,0.5204963907086506,0.3568793398432756
