,MAE,RMSE,PEARSONR,SPEARMANRHO,KENDALLTAU
value,1.3130461079524112,1.6422974336954965,0.4536291772423756,0.4512359156318974,0.3076620058736067
95CI_LOW,1.2364542989053784,1.5606419835712204,0.394167331573384,0.3897920302700417,0.26252202357529925
95CI_HIGH,1.3895796616045324,1.7237455550492404,0.5154635112770964,0.51610023003356,0.3545890361614275
