,MAE,RMSE,PEARSONR,SPEARMANRHO,KENDALLTAU
value,3.0051830229461194,3.3069140516598874,0.6353043774504981,0.7818181818181817,0.5111111111111111
95CI_LOW,2.210989971281589,2.7413771167311567,0.3555885973111905,0.639108061749571,0.2173441734417343
95CI_HIGH,3.941131793141365,4.040388323422915,0.9871185914832032,1.2345224395857306,0.9222222222222222
