,MAE,RMSE,PEARSONR,SPEARMANRHO,KENDALLTAU
value,3.0051830229461194,3.3069140516598874,0.6353043774504981,0.7818181818181817,0.5111111111111111
95CI_LOW,2.216587173944712,2.7470062051162154,0.35411170161776884,0.639108061749571,0.1986928104575164
95CI_HIGH,3.9465275301858784,4.053353435936618,0.9892226027152102,1.2389610389610388,0.9269841269841269
