,MAE,RMSE,PEARSONR,SPEARMANRHO,KENDALLTAU
value,3.0051830229461194,3.3069140516598874,0.6353043774504981,0.7818181818181817,0.5111111111111111
95CI_LOW,2.2152152870729567,2.7526857925647095,0.3551655242236871,0.639108061749571,0.18888888888888877
95CI_HIGH,3.9098803662955754,4.034521175214776,0.9760211491215118,1.2386363636363635,0.9269841269841269
