,MAE,RMSE,PEARSONR,SPEARMANRHO,KENDALLTAU
value,3.0051830229461194,3.3069140516598874,0.6353043774504981,0.7818181818181817,0.5111111111111111
95CI_LOW,2.213410161545873,2.747976137946085,0.3611190906291628,0.639108061749571,0.2173441734417343
95CI_HIGH,3.9115988991275428,4.020883535299942,0.9776933919980497,1.2386363636363635,0.9269841269841269
