,MAE,RMSE,PEARSONR,SPEARMANRHO,KENDALLTAU
value,3.0051830229461194,3.3069140516598874,0.6353043774504981,0.7818181818181817,0.5111111111111111
95CI_LOW,2.220194069339336,2.7535862244502445,0.360554914820269,0.6381705251270468,0.1986928104575164
95CI_HIGH,3.9275235734507437,4.052995564041583,0.9902947833051151,1.2428816466552313,0.9169590643274853
