,MAE,RMSE,PEARSONR,SPEARMANRHO,KENDALLTAU
value,3.0051830229461194,3.3069140516598874,0.6353043774504981,0.7818181818181817,0.5111111111111111
95CI_LOW,2.2118930317923424,2.745349363737277,0.36407405572997364,0.639108061749571,0.20972222222222225
95CI_HIGH,3.888191459566354,4.031749866629218,0.9800325571715068,1.2428816466552313,0.900271002710027
