,MAE,RMSE,PEARSONR,SPEARMANRHO,KENDALLTAU
value,3.0051830229461194,3.3069140516598874,0.6353043774504981,0.7818181818181817,0.5111111111111111
95CI_LOW,2.205037229953706,2.7361487656155465,0.3607964714223283,0.639108061749571,0.2173441734417343
95CI_HIGH,3.9167051269367334,4.039873331001648,0.9804165229118704,1.2303030303030302,0.9269841269841269
