,MAE,RMSE,PEARSONR,SPEARMANRHO,KENDALLTAU
value,3.0051830229461194,3.3069140516598874,0.6353043774504981,0.7818181818181817,0.5111111111111111
95CI_LOW,2.2176954458728444,2.7304930184731626,0.3574729010714699,0.6381705251270468,0.2173441734417343
95CI_HIGH,3.9050745116397736,4.062780811087455,0.984903401074503,1.2345224395857306,0.9222222222222222
