,MAE,RMSE,PEARSONR,SPEARMANRHO,KENDALLTAU
value,3.0051830229461194,3.3069140516598874,0.6353043774504981,0.7818181818181817,0.5111111111111111
95CI_LOW,2.223194675453008,2.747474585753389,0.35288219473315874,0.6381705251270468,0.2173441734417343
95CI_HIGH,3.93167562713176,4.052895539543492,0.9882290127178301,1.2303030303030302,0.9169590643274853
