,MAE,RMSE,PEARSONR,SPEARMANRHO,KENDALLTAU
value,3.0051830229461194,3.3069140516598874,0.6353043774504981,0.7818181818181817,0.5111111111111111
95CI_LOW,2.2053715853750715,2.7455950272552347,0.3589939340328968,0.6381705251270468,0.19365079365079363
95CI_HIGH,3.8956330131977794,4.050862888785442,0.9759329027074052,1.2386363636363635,0.9269841269841269
