,MAE,RMSE,PEARSONR,SPEARMANRHO,KENDALLTAU
value,3.0051830229461194,3.3069140516598874,0.6353043774504981,0.7818181818181817,0.5111111111111111
95CI_LOW,2.2032791945561776,2.739655016478938,0.3661274080446003,0.6381705251270468,0.21696307588076424
95CI_HIGH,3.9063243415609,4.035964785177465,0.989371726168955,1.2305140007671642,0.9169590643274853
