,MAE,RMSE,PEARSONR,SPEARMANRHO,KENDALLTAU
value,3.0051830229461194,3.3069140516598874,0.6353043774504981,0.7818181818181817,0.5111111111111111
95CI_LOW,2.2316894542515286,2.7330921004455835,0.3608614167938069,0.639108061749571,0.1986928104575164
95CI_HIGH,3.890560322071611,4.034536018132849,0.9787348011392341,1.2347281357882613,0.9169590643274853
