,MAE,RMSE,PEARSONR,SPEARMANRHO,KENDALLTAU
value,3.0051830229461194,3.3069140516598874,0.6353043774504981,0.7818181818181817,0.5111111111111111
95CI_LOW,2.212365107539297,2.7485925393282584,0.352301568426139,0.6381705251270468,0.2173441734417343
95CI_HIGH,3.9143031932085752,4.050293690123324,0.9790044915309165,1.2428816466552313,0.9269841269841269
