,MAE,RMSE,PEARSONR,SPEARMANRHO,KENDALLTAU
value,3.0051830229461194,3.3069140516598874,0.6353043774504981,0.7818181818181817,0.5111111111111111
95CI_LOW,2.224773328749836,2.7453604820676505,0.35861252823692413,0.639108061749571,0.2173441734417343
95CI_HIGH,3.935028591912985,4.027947189345666,0.9920130381737579,1.2428816466552313,0.9169590643274853
