,MAE,RMSE,PEARSONR,SPEARMANRHO,KENDALLTAU
value,3.0051830229461194,3.3069140516598874,0.6353043774504981,0.7818181818181817,0.5111111111111111
95CI_LOW,2.2147022230789073,2.7466264271741103,0.36150831919964654,0.6323794114672899,0.2173441734417343
95CI_HIGH,3.9225477624088523,4.029135899731424,0.9893419045910627,1.2386363636363635,0.9169590643274853
