,MAE,RMSE,PEARSONR,SPEARMANRHO,KENDALLTAU
value,3.0051830229461194,3.3069140516598874,0.6353043774504981,0.7818181818181817,0.5111111111111111
95CI_LOW,2.2189172847107055,2.741362009942685,0.3610467359532519,0.6381705251270468,0.18888888888888877
95CI_HIGH,3.928747400033474,4.04301172205695,0.9804257416336335,1.2386363636363635,0.9169590643274853
