,MAE,RMSE,PEARSONR,SPEARMANRHO,KENDALLTAU
value,3.0051830229461194,3.3069140516598874,0.6353043774504981,0.7818181818181817,0.5111111111111111
95CI_LOW,2.20391518238634,2.754441849360854,0.3615843367987034,0.639108061749571,0.20972222222222225
95CI_HIGH,3.916338837611675,4.043011722056949,0.9877682628426382,1.2303030303030302,0.900271002710027
