,MAE,RMSE,PEARSONR,SPEARMANRHO,KENDALLTAU
value,3.0051830229461194,3.3069140516598874,0.6353043774504981,0.7818181818181817,0.5111111111111111
95CI_LOW,2.2232271078735595,2.7433117944683856,0.3580132957311498,0.639108061749571,0.21696307588076424
95CI_HIGH,3.9119702526301143,4.038494459529453,0.9722694855893979,1.2428816466552313,0.9169590643274853
